illness,dept 1,dept 2,dept 3,dept 4,dept 5,dept 6,dept 7,dept 8
허혈성 심질환,심장내과,심장병원,,,,,,
흉통,심장내과,노년내과,응급의학과,심장병원,,,,
전도 장애,심장내과,심장병원,,,,,,
부정맥,심장내과,심장혈관흉부외과,,,,,,
심장 판막 질환,심장내과,심장병원,판막질환센터,,,,,
울혈성 심부전,심장내과,심장병원,,,,,,
심근병증,심장내과,심장혈관흉부외과,,,,,,
대동맥 박리,심장내과,심장병원,,,,,,
대동맥류,심장내과,심장병원,,,,,,
선천성 심장 질환,심장내과,선천성심장병센터,심장병원,,,,,
심방 세동,심장내과,심장병원,,,,,,
심장 종양,심장내과,심장혈관흉부외과,,,,,,
폐 혈전색전증,심장내과,심장병원,,,,,,
공기가슴증,호흡기내과,심장혈관흉부외과,,,,,,
양성 종격동 종양,심장혈관흉부외과,,,,,,,
악성 종격동 종양,종양내과,방사선종양학과,소아청소년종양혈액과,심장혈관흉부외과,암병원,,,
비호지킨 림프종,종양내과,혈액내과,방사선종양학과,소아청소년종양혈액과,,,,
항문암,종양내과,방사선종양학과,대장항문외과,암병원,,,,
담관암,소화기내과,종양내과,방사선종양학과,간담도췌외과,간이식ㆍ간담도외과,,,
대장암,소화기내과,종양내과,방사선종양학과,대장항문외과,,,,
담낭암,소화기내과,종양내과,방사선종양학과,간담도췌외과,간이식ㆍ간담도외과,,,
간세포성 암종,소화기내과,종양내과,방사선종양학과,간담도췌외과,간이식ㆍ간담도외과,,,
직장암,종양내과,방사선종양학과,대장항문외과,암병원,,,,
위암,소화기내과,종양내과,방사선종양학과,위장관외과,암병원,,,
폐암,종양내과,호흡기내과,방사선종양학과,심장혈관흉부외과,암병원,,,
비소세포성 폐암,종양내과,호흡기내과,방사선종양학과,심장혈관흉부외과,,,,
소세포성 폐암,종양내과,호흡기내과,방사선종양학과,심장혈관흉부외과,,,,
호지킨 림프종,종양내과,혈액내과,방사선종양학과,소아청소년종양혈액과,,,,
유방암,종양내과,방사선종양학과,성형외과,재활의학과,유방외과,,,
육종,종양내과,방사선종양학과,성형외과,정형외과,,,,
다발골수종,종양내과,혈액내과,방사선종양학과,,,,,
간 전이,종양내과,방사선종양학과,간담도췌외과,간이식ㆍ간담도외과,,,,
간문부 담관암,소화기내과,종양내과,방사선종양학과,간담도췌외과,간이식ㆍ간담도외과,,,
담낭 용종,소화기내과,간담도췌외과,간이식ㆍ간담도외과,,,,,
담석,소화기내과,간담도췌외과,간이식ㆍ간담도외과,,,,,
바터 팽대부 암,소화기내과,종양내과,방사선종양학과,간담도췌외과,간이식ㆍ간담도외과,,,
간경화,소화기내과,간이식ㆍ간담도외과,,,,,,
전격성 간염,소화기내과,소아외과,간이식ㆍ간담도외과,소아소화기영양과,,,,
간내 담석,소화기내과,간담도췌외과,간이식ㆍ간담도외과,,,,,
뇌종양,종양내과,방사선종양학과,소아청소년종양혈액과,신경과,신경외과,소아내분비대사과,소아신경과,암병원
뇌동맥류,영상의학과,신경외과,신경중재클리닉,,,,,
뇌 동정맥 기형,신경외과,소아신경외과,,,,,,
자발성 두개강 내 출혈,신경과,신경외과,,,,,,
뇌졸중,신경과,신경외과,소아신경과,소아신경외과,,,,
뇌전증,신경과,신경외과,,,,,,
외상에 의한 뇌 손상,신경과,신경외과,응급의학과,,,,,
수두증,신경외과,소아신경외과,,,,,,
퇴행성 척추 장애,정형외과,,,,,,,
척추 종양,정형외과,암병원,,,,,,
외상에 의한 척추 손상,신경외과,응급의학과,정형외과,,,,,
양성 전립선 비대증,가정의학과,비뇨의학과,,,,,,
전립선암,건강의학과,종양내과,방사선종양학과,비뇨의학과,암병원,,,
PSA 상승,비뇨의학과,,,,,,,
신세포암종,종양내과,방사선종양학과,비뇨의학과,,,,,
신장 결석,비뇨의학과,소아비뇨의학과,,,,,,
방광암,종양내과,방사선종양학과,비뇨의학과,,,,,
신우요관암,가정의학과,종양내과,비뇨의학과,,,,,
요로 감염,신장내과,노년내과,비뇨의학과,소아신장과,소아비뇨의학과,,,
복압성 요실금,비뇨의학과,,,,,,,
음낭수종,비뇨의학과,소아외과,소아비뇨의학과,,,,,
전신 홍반성 낭창,신장내과,소아신장과,류마티스내과,,,,,
쇼그렌 증후군,안과,이비인후과,류마티스내과,,,,,
류마티스 관절염,류마티스내과,,,,,,,
강직성 척추염,재활의학과,류마티스내과,,,,,,
골관절염,정형외과,류마티스내과,,,,,,
통풍,류마티스내과,,,,,,,
전신 경화증,호흡기내과,피부과,류마티스내과,,,,,
피부근육염,류마티스내과,,,,,,,
베체트 병,소화기내과,류마티스내과,,,,,,
사춘기 조숙,소아내분비대사과,,,,,,,
인슐린 의존성 당뇨병,가정의학과,건강의학과,내분비내과,소아내분비대사과,신ㆍ췌장이식외과,,,
인슐린 비의존성 당뇨병,가정의학과,건강의학과,내분비내과,신ㆍ췌장이식외과,,,,
갑상선기능저하증,내분비내과,,,,,,,
저신장,소아내분비대사과,소아정형외과,,,,,,
모호한 생식기,소아내분비대사과,소아비뇨의학과,,,,,,
백혈병,혈액내과,방사선종양학과,소아청소년종양혈액과,,,,,
뼈의 신생물,종양내과,소아청소년종양혈액과,정형외과,,,,,
림프종,종양내과,혈액내과,방사선종양학과,소아청소년종양혈액과,,,,
신경모세포종,방사선종양학과,소아청소년종양혈액과,소아외과,,,,,
신장의 신생물,신장내과,비뇨의학과,,,,,,
간의 양성 신생물,소화기내과,간담도췌외과,간이식ㆍ간담도외과,,,,,
호중구감소증,종양내과,혈액내과,소아청소년종양혈액과,,,,,
생식선 및 생식 세포의 신생물,종양내과,방사선종양학과,소아청소년종양혈액과,,,,,
망막아세포종,소아청소년종양혈액과,안과,,,,,,
포도막염,안과,,,,,,,
백내장,안과,,,,,,,
녹내장,안과,,,,,,,
망막 박리,안과,,,,,,,
망막 정맥 폐쇄,안과,,,,,,,
황반변성,안과,,,,,,,
황반천공,안과,,,,,,,
망막 전막,안과,,,,,,,
당뇨망막병증,안과,,,,,,,
유리체 출혈,안과,,,,,,,
안구 건조증,안과,,,,,,,
각막염,안과,,,,,,,
각막 혼탁과 흉터,안과,,,,,,,
시신경염,신경과,안과,소아신경과,,,,,
선천성 눈 기형,안과,의학유전학센터,의학유전학과,소아안과,,,,
눈꺼풀 장애,성형외과,안과,,,,,,
비루관 폐쇄,안과,,,,,,,
사시,안과,소아안과,,,,,,
약시,안과,소아안과,,,,,,
노화,노년내과,,,,,,,
폐경,내분비내과,산부인과,,,,,,
고혈압 ,가정의학과,심장내과,,,,,,
이상지질혈증,가정의학과,내분비내과,노년내과,,,,,
위염,소화기내과,노년내과,소아소화기영양과,,,,,
위장관 기질 종양,소화기내과,종양내과,위장관외과,,,,,
신생아 답즙정체증,소아소화기영양과,,,,,,,
선천성 담관 폐쇄증,소화기내과,소아외과,소아소화기영양과,,,,,
간이식 후 상태,소화기내과,간이식ㆍ간담도외과,,,,,,
크론병,소화기내과,대장항문외과,소아소화기영양과,,,,,
만성 위염,소화기내과,,,,,,,
급성 췌장염,소화기내과,간담도췌외과,,,,,,
만성 췌장염,소화기내과,간담도췌외과,,,,,,
알레르기 비염,이비인후과,소아호흡기알레르기과,알레르기내과,,,,,
아나필락시스,응급의학과,알레르기내과,,,,,,
혈관부종,응급의학과,피부과,알레르기내과,소아천식아토피센터,,,,
아토피성 피부염,피부과,알레르기내과,소아천식아토피센터,,,,,
콜린성 두드러기,피부과,알레르기내과,,,,,,
만성 두드러기,피부과,알레르기내과,,,,,,
만성 기침,호흡기내과,알레르기내과,소아천식아토피센터,,,,,
약물 알레르기,알레르기내과,,,,,,,
호산구 증가증,혈액내과,알레르기내과,,,,,,
음식 알레르기,알레르기내과,,,,,,,
위식도 역류성 질환,가정의학과,소화기내과,위장관외과,소아소화기영양과,,,,
만성 폐쇄성 폐질환,호흡기내과,알레르기내과,,,,,,
알레르기성 결막염,안과,알레르기내과,,,,,,
부비동염,호흡기내과,이비인후과,알레르기내과,,,,,
후비루,호흡기내과,이비인후과,알레르기내과,,,,,
처그 스트라우스 증후군,알레르기내과,,,,,,,
스티븐 존슨 증후군,안과,알레르기내과,,,,,,
접촉 피부염,피부과,알레르기내과,,,,,,
지루성 피부염,피부과,,,,,,,
탈락 피부염,피부과,,,,,,,
봉와직염,감염내과,성형외과,,,,,,
헤르페스 바이러스 감염,감염내과,피부과,,,,,,
대상포진,피부과,,,,,,,
백반증,피부과,,,,,,,
여드름,피부과,,,,,,,
모낭염,피부과,,,,,,,
피부암,종양내과,방사선종양학과,성형외과,피부과,피부암센터,,,
곰팡이 감염,피부과,,,,,,,
사마귀,피부과,,,,,,,
건선,피부과,,,,,,,
매복 사랑니,치과,,,,,,,
근단 주위 농양,치과,,,,,,,
치근낭,치과,,,,,,,
만성 치주염,치과,,,,,,,
턱뼈 성장 이상,성형외과,치과,,,,,,
치열 궁 관계 이상,치과,,,,,,,
턱관절 장애,치과,,,,,,,
발육성 치성 낭종,치과,,,,,,,
턱의 기타 낭증,치과,,,,,,,
안면 골절,성형외과,치과,,,,,,
대퇴 골절,정형외과,,,,,,,
경골과 비골 골절,정형외과,,,,,,,
원위 요골과 척골 골절,정형외과,,,,,,,
슬관절 장애,정형외과,,,,,,,
반월판 연골손상,정형외과,,,,,,,
회전근개 증후군,재활의학과,정형외과,,,,,,
손목 수근관 증후군,신경과,정형외과,,,,,,
요추관 협착증,마취통증의학과,신경외과,정형외과,,,,,
요추 전방전위증,신경외과,정형외과,,,,,,
"골절 후 부정 유합, 불유합",정형외과,,,,,,,
방아쇠 수지,성형외과,정형외과,,,,,,
치매,노년내과,신경과,정신건강의학과,,,,,
섬망,정신건강의학과,,,,,,,
알코올 의존성,정신건강의학과,,,,,,,
조현병,정신건강의학과,소아정신건강의학과,,,,,,
분열정동 장애,정신건강의학과,소아정신건강의학과,,,,,,
양극성 장애,정신건강의학과,소아정신건강의학과,,,,,,
우울증,정신건강의학과,소아정신건강의학과,,,,,,
불안 장애,정신건강의학과,소아정신건강의학과,,,,,,
공황 장애,정신건강의학과,,,,,,,
적응 장애,정신건강의학과,소아정신건강의학과,,,,,,
신체형 장애,노년내과,정신건강의학과,,,,,,
불면증,정신건강의학과,,,,,,,
"선천성 소장 결손, 폐쇄 및 협착",산부인과,소아외과,,,,,,
맹장염,대장항문외과,,,,,,,
칸디다성 구내염,이비인후과,,,,,,,
항문 폐쇄증,소아외과,,,,,,,
선천성 거대결장증,소아외과,,,,,,,
총담관 낭,소화기내과,소아외과,간담도췌외과,간이식ㆍ간담도외과,,,,
림프관종,성형외과,소아외과,,,,,,
갑상선암,내분비내과,이비인후과,,,,,,
갑상선중독증,내분비내과,내분비외과,,,,,,
당뇨병,가정의학과,내분비내과,노년내과,신ㆍ췌장이식외과,,,,
디프테리아,감염내과,,,,,,,
뇌하수체 기능부전,내분비내과,소아내분비대사과,,,,,,
뇌하수체 양성 및 악성 신생물,내분비내과,방사선종양학과,신경외과,소아신경외과,,,,
부신 기능부전,내분비내과,신생아과,소아내분비대사과,,,,,
쿠싱 증후군,내분비내과,신경과,신경외과,,,,,
저혈당증,내분비내과,소아내분비대사과,,,,,,
요충증,감염내과,,,,,,,
감염성 홍반,감염내과,,,,,,,
수족구병,소아청소년심장과,소아신장과,,,,,,
렙토스피라증,감염내과,,,,,,,
홍역,감염내과,,,,,,,
파라인플루엔자 감염증,감염내과,,,,,,,
광견병,감염내과,,,,,,,
RS바이러스 감염증,감염내과,,,,,,,
골다공증,가정의학과,내분비내과,노년내과,정형외과,,,,
풍진,감염내과,,,,,,,
파상풍,감염내과,,,,,,,
수두,감염내과,피부과,,,,,,
효모균증,감염내과,호흡기내과,심장혈관흉부외과,,,,,
부신 종양,내분비내과,비뇨의학과,,,,,,
대장균 감염 ,감염내과,,,,,,,
감염성 근육염,감염내과,,,,,,,
부신암,내분비내과,종양내과,,,,,,
인플루엔자,노년내과,,,,,,,
위궤양,소화기내과,노년내과,,,,,,
원충성 질환,감염내과,,,,,,,
슈도모나스 감염,감염내과,,,,,,,
십이지장 궤양,소화기내과,노년내과,,,,,,
포도상구균 감염,감염내과,소화기내과,호흡기내과,,,,,
급성 A형 간염,소화기내과,,,,,,,
후천성 면역결핍증,감염내과,,,,,,,
방선균증,감염내과,,,,,,,
철결핍빈혈,혈액내과,소아청소년종양혈액과,,,,,,
탄저병,감염내과,,,,,,,
폐렴,노년내과,호흡기내과,소아천식아토피센터,,,,,
광우병,감염내과,신경과,신경외과,,,,,
심실 중격 결손,심장내과,소아청소년심장과,심장혈관흉부외과,소아심장외과,선천성심장병센터,심장병원,,
브루셀라증,감염내과,,,,,,,
동맥관 개존증,심장내과,소아청소년심장과,소아심장외과,선천성심장병센터,,,,
심방 중격 결손,심장내과,소아청소년심장과,심장혈관흉부외과,소아심장외과,선천성심장병센터,심장병원,,
방실 중격 결손,소아청소년심장과,선천성심장병센터,,,,,,
대동맥궁 단절,소아청소년심장과,소아심장외과,선천성심장병센터,,,,,
대동맥 협착,소아청소년심장과,소아심장외과,선천성심장병센터,,,,,
양대혈관 우심실 기시증,소아청소년심장과,신생아과,소아심장외과,선천성심장병센터,,,,
엡스테인 심기형,소아청소년심장과,소아심장외과,선천성심장병센터,,,,,
전폐정맥연결 이상,소아청소년심장과,소아심장외과,선천성심장병센터,,,,,
대혈관 전위,소아청소년심장과,신생아과,소아심장외과,선천성심장병센터,,,,
팔로 사 징후,소아청소년심장과,소아심장외과,선천성심장병센터,,,,,
총동맥간증,소아청소년심장과,소아심장외과,선천성심장병센터,,,,,
온전한 심실 중격을 가진 폐동맥 폐쇄,소아청소년심장과,소아심장외과,선천성심장병센터,,,,,
단심실,소아청소년심장과,신생아과,소아심장외과,선천성심장병센터,,,,
양방단실유입증,소아청소년심장과,소아심장외과,선천성심장병센터,,,,,
발육부전성 좌심 증후군,소아청소년심장과,소아심장외과,선천성심장병센터,,,,,
심근염,심장내과,심장병원,,,,,,
발살바동 동맥류 파열,심장혈관흉부외과,,,,,,,
대동맥 협착증,심장내과,심장병원,,,,,,
콜레라,감염내과,,,,,,,
크로이츠펠트-야콥병,신경과,소아신경과,,,,,,
동맥간증,소아청소년심장과,소아심장외과,선천성심장병센터,,,,,
반흔 탈장,소아외과,위장관외과,,,,,,
췌장염,소화기내과,간담도췌외과,,,,,,
재발성 탈장,소아외과,위장관외과,,,,,,
제대 탈장,소아외과,위장관외과,,,,,,
급성 바이러스성 간염,소화기내과,간담도췌외과,간이식ㆍ간담도외과,,,,,
한센병,감염내과,,,,,,,
리스테리아,감염내과,,,,,,,
라임병,감염내과,피부과,,,,,,
신종 플루,감염내과,호흡기내과,,,,,,
백일해,감염내과,호흡기내과,,,,,,
세균성 이질,감염내과,,,,,,,
스파르가눔증,감염내과,,,,,,,
진행성 위암,소화기내과,종양내과,위장관외과,암병원,,,,
선모충증,감염내과,,,,,,,
알코올성 간질환,소화기내과,,,,,,,
결핵성 수막염,감염내과,신경과,,,,,,
황열,감염내과,,,,,,,
메켈 게실,소화기내과,,,,,,,
문맥색전증,소화기내과,혈관외과,소아소화기영양과,,,,,
자가면역성 간염,소화기내과,소아소화기영양과,,,,,,
무좀,피부과,,,,,,,
조갑백선,피부과,,,,,,,
총담관 담석,소화기내과,간담도췌외과,간이식ㆍ간담도외과,,,,,
만성 B형 간염,소화기내과,간이식ㆍ간담도외과,소아소화기영양과,,,,,
바렛 식도,소화기내과,,,,,,,
만성 C형 간염,소화기내과,,,,,,,
조기 위암,소화기내과,위장관외과,암병원,,,,,
바이러스성 장염,가정의학과,소화기내과,노년내과,신생아과,소아신장과,소아소화기영양과,소아중환자과,소아천식아토피센터
지방간,소화기내과,노년내과,,,,,,
위선종,소화기내과,,,,,,,
간염,소화기내과,,,,,,,
소장암,소화기내과,종양내과,방사선종양학과,대장항문외과,,,,
대장 용종,소화기내과,,,,,,,
독성 간염,소화기내과,,,,,,,
궤양성 대장염,소화기내과,,,,,,,
원인을 알 수 없는 열,가정의학과,감염내과,,,,,,
해외여행 시 주의사항,감염내과,,,,,,,
과호흡 증후군,호흡기내과,응급의학과,정신건강의학과,,,,,
반티 증후군,소화기내과,,,,,,,
버드 키아리 신드롬,소화기내과,,,,,,,
아킬레스 건 파열,정형외과,,,,,,,
대퇴골두 무혈관성 괴사,정형외과,,,,,,,
구획 증후군,정형외과,,,,,,,
완전 척수 손상,신경외과,재활의학과,,,,,,
고관절 이형성증,정형외과,소아정형외과,,,,,,
동결견,정형외과,소아정형외과,,,,,,
결절종,성형외과,정형외과,,,,,,
요통,노년내과,마취통증의학과,신경외과,재활의학과,정형외과,스포츠건강의학센터,,
골육종,종양내과,방사선종양학과,소아청소년종양혈액과,정형외과,,,,
간농양,감염내과,소화기내과,간담도췌외과,간이식ㆍ간담도외과,,,,
재발성 견관절 전방 탈구,정형외과,,,,,,,
횡문근육종,종양내과,방사선종양학과,소아청소년종양혈액과,정형외과,,,,
피로 골절,정형외과,,,,,,,
건 손상,정형외과,,,,,,,
관절염,재활의학과,정형외과,류마티스내과,알레르기내과,,,,
척추 골수염,감염내과,정형외과,,,,,,
변형성 고관절증,정형외과,,,,,,,
원판형 반월상연골,정형외과,,,,,,,
반달연골 이상,정형외과,,,,,,,
골수염,감염내과,,,,,,,
결핵성 골수염,감염내과,,,,,,,
골괴사,정형외과,,,,,,,
바이러스성 뇌수막염,감염내과,신경과,소아신경과,소아감염과,,,,
병리적 골절,정형외과,,,,,,,
박테리아성 뇌수막염,감염내과,신경과,,,,,,
척추병증,정형외과,류마티스내과,,,,,,
급성 위장염,가정의학과,소화기내과,노년내과,소아외과,소아내분비대사과,소아신장과,소아소화기영양과,소아천식아토피센터
위장관 결핵,감염내과,소화기내과,소아소화기영양과,,,,,
결핵성 복막염,감염내과,,,,,,,
아킬레스 건염,정형외과,,,,,,,
베이커 낭종,정형외과,,,,,,,
내반슬,소아정형외과,,,,,,,
소건막류,정형외과,,,,,,,
요족,정형외과,,,,,,,
복합 부위 통증 증후군,마취통증의학과,,,,,,,
매독,감염내과,비뇨의학과,피부과,,,,,
패혈성 관절염,감염내과,정형외과,소아정형외과,,,,,
급성 방광염,비뇨의학과,,,,,,,
급성 신우신염,감염내과,신장내과,소아신장과,,,,,
듀피트렌 구축,성형외과,정형외과,,,,,,
내연골종,정형외과,소아정형외과,,,,,,
경부 림프절염,감염내과,이비인후과,,,,,,
결핵성 임파선염,감염내과,,,,,,,
지역사회성 폐렴,호흡기내과,,,,,,,
병원 감염성 폐렴,호흡기내과,,,,,,,
속립성 결핵,감염내과,호흡기내과,,,,,,
말라리아,감염내과,,,,,,,
털진드기병,감염내과,,,,,,,
증상이 없는 HIV 감염,감염내과,,,,,,,
말기 신질환,신장내과,소아신장과,신ㆍ췌장이식외과,,,,,
하지 정맥류,혈관외과,,,,,,,
심부정맥 색전증,혈관외과,,,,,,,
동맥색전증 및 혈전증,심장내과,혈관외과,,,,,,
뇌동맥 폐쇄,신경과,신경외과,,,,,,
죽상경화증,심장내과,,,,,,,
당뇨병성 족부 질환,내분비내과,성형외과,혈관외과,정형외과,,,,
동맥류,심장내과,심장혈관흉부외과,,,,,,
혈관염,신장내과,혈관외과,류마티스내과,,,,,
욕창 ,성형외과,,,,,,,
흉터,성형외과,피부과,,,,,,
피부의 양성 종양,성형외과,피부과,,,,,,
두개 유합증,성형외과,소아신경외과,,,,,,
구순열,성형외과,,,,,,,
구개열,성형외과,,,,,,,
안면 마비,성형외과,신경과,이비인후과,,,,,
안면 비대칭,성형외과,치과,,,,,,
두개 안면 부조화,성형외과,치과,,,,,,
노화된 얼굴,성형외과,,,,,,,
비 변형,성형외과,이비인후과,,,,,,
취한증,성형외과,,,,,,,
선천성 손 기형,성형외과,정형외과,소아정형외과,,,,,
수부 외상,성형외과,정형외과,,,,,,
직장의 양성 종양,소화기내과,,,,,,,
치핵,소화기내과,대장항문외과,,,,,,
항문 열구,소화기내과,대장항문외과,,,,,,
항문 주위 농양,소화기내과,대장항문외과,,,,,,
항문 누공,소화기내과,대장항문외과,,,,,,
대장의 양성 종양,소화기내과,대장항문외과,,,,,,
게실 질환,소화기내과,대장항문외과,,,,,,
급성림프모구백혈병,혈액내과,방사선종양학과,소아청소년종양혈액과,,,,,
급성골수성백혈병,혈액내과,소아청소년종양혈액과,,,,,,
만성림프구백혈병,혈액내과,소아청소년종양혈액과,,,,,,
만성골수백혈병,혈액내과,소아청소년종양혈액과,,,,,,
한랭글로불린혈증,혈액내과,,,,,,,
단세포군감마글로불린병증,종양내과,혈액내과,,,,,,
아밀로이드증,심장내과,종양내과,혈액내과,,,,,
재생불량빈혈,혈액내과,소아청소년종양혈액과,,,,,,
순수적혈구무형성,혈액내과,소아청소년종양혈액과,,,,,,
자가면역용혈질환,혈액내과,,,,,,,
유전구형적혈구증,혈액내과,,,,,,,
미세혈관병용혈빈혈,혈액내과,,,,,,,
발작성야간혈색뇨,혈액내과,,,,,,,
지중해빈혈,혈액내과,소아청소년종양혈액과,,,,,,
파종혈관내응고,혈액내과,,,,,,,
골수증식종양,혈액내과,소아청소년종양혈액과,,,,,,
두드러기,피부과,알레르기내과,소아천식아토피센터,,,,,
신부전,신장내과,신ㆍ췌장이식외과,,,,,,
소아 류마티스 관절염,소아정형외과,류마티스내과,,,,,,
헤노호 쉰라인 자반증,신장내과,소아신장과,류마티스내과,,,,,
혈뇨,신장내과,비뇨의학과,소아신장과,,,,,
사구체신염,신장내과,소아신장과,,,,,,
갑상선 결절,내분비내과,이비인후과,핵의학과,,,,,
구루병,정형외과,소아정형외과,,,,,,
부갑상선기능저하증,내분비내과,,,,,,,
요붕증,내분비내과,소아내분비대사과,,,,,,
성선기능저하증,내분비내과,,,,,,,
성장호르몬 결핍증,내분비내과,소아내분비대사과,,,,,,
비만,가정의학과,성형외과,스포츠건강의학센터,소아내분비대사과,소아소화기영양과,,,
급성 기관지염,호흡기내과,이비인후과,소아중환자과,소아천식아토피센터,,,,
천식,호흡기내과,알레르기내과,소아천식아토피센터,,,,,
재발성 천명,알레르기내과,소아천식아토피센터,,,,,,
만성 폐질환,호흡기내과,알레르기내과,,,,,,
기관지확장증,호흡기내과,,,,,,,
면역결핍증,소아청소년종양혈액과,소아천식아토피센터,,,,,,
상기도 감염,알레르기내과,,,,,,,
자궁경부암,산부인과,암병원,,,,,,
자궁내막암,산부인과,암병원,,,,,,
난소암,종양내과,산부인과,,,,,,
자궁 상피 내 암종,산부인과,암병원,,,,,,
자궁의 평활근종,산부인과,,,,,,,
난소의 양성 종양,산부인과,,,,,,,
난소 낭종,산부인과,,,,,,,
골반 염증성 질환,산부인과,,,,,,,
자궁내막 이상증식증,산부인과,,,,,,,
급성 질염,산부인과,,,,,,,
자궁내막증,산부인과,,,,,,,
자궁선근증,산부인과,,,,,,,
자궁 탈출증,산부인과,,,,,,,
자궁내막 용종,산부인과,,,,,,,
무월경,내분비내과,산부인과,,,,,,
다낭성 난소 증후군,산부인과,,,,,,,
다태아,산부인과,,,,,,,
태반 조기 박리,산부인과,,,,,,,
아두골반 불균형,산부인과,,,,,,,
임신성 당뇨병,내분비내과,산부인과,,,,,,
가진통,산부인과,,,,,,,
이상 태위,산부인과,,,,,,,
전치 태반,산부인과,,,,,,,
만기 정상 분만,산부인과,,,,,,,
조산,산부인과,,,,,,,
자궁 내 성장 지연,산부인과,,,,,,,
자궁경관무력증,산부인과,,,,,,,
조기 양막 파열,산부인과,,,,,,,
임신성 고혈압,산부인과,,,,,,,
폐결핵,호흡기내과,소아천식아토피센터,,,,,,
미만성 간질성 폐질환,호흡기내과,,,,,,,
폐기종,호흡기내과,,,,,,,
객혈,호흡기내과,,,,,,,
발작,신경과,,,,,,,
두통,노년내과,신경과,신경외과,소아신경과,,,,
근육병,소아재활의학과,,,,,,,
모야모야병,신경과,신경외과,소아신경과,소아신경외과,,,,
내상과염,정형외과,,,,,,,
망치족지,정형외과,,,,,,,
이소성 골화증,정형외과,,,,,,,
외반슬,정형외과,,,,,,,
슬개건염,정형외과,,,,,,,
노인성 척추후만증,신경외과,정형외과,,,,,,
주관절 외상과염,정형외과,,,,,,,
건초염,정형외과,,,,,,,
일과성 고관절 활액막염,소아정형외과,,,,,,,
횡단성 척수염,신경과,,,,,,,
거북목 증후군,정형외과,,,,,,,
청신경초종,신경외과,이비인후과,,,,,,
뇌성 마비,소아신경과,소아재활의학과,소아정형외과,,,,,
경추 추간판 탈출증,신경외과,정형외과,,,,,,
군발성 두통 증후군,신경과,,,,,,,
자간증,산부인과,,,,,,,
악성 신경교종,방사선종양학과,산부인과,소아청소년종양혈액과,신경외과,소아신경외과,,,
행동 및 충동 장애,정신건강의학과,,,,,,,
수막종,신경외과,,,,,,,
편두통,가정의학과,신경과,,,,,,
신경종,신경과,신경외과,,,,,,
병적 방화,정신건강의학과,,,,,,,
외상 후 스트레스 장애,정신건강의학과,소아정신건강의학과,,,,,,
수면 무호흡증,호흡기내과,신경과,이비인후과,정신건강의학과,치과,,,
근육 긴장성 두통,신경과,,,,,,,
발모벽,정신건강의학과,피부과,소아정신건강의학과,,,,,
삼차 신경병증,신경과,신경외과,,,,,,
보행 운동 장애,신경과,재활의학과,,,,,,
섭식 장애,정신건강의학과,,,,,,,
주의력결핍 과잉행동장애,정신건강의학과,소아정신건강의학과,,,,,,
다발성 신경병증,신경과,,,,,,,
대상포진 후 신경통,마취통증의학과,신경과,신경외과,피부과,,,,
자간전증,산부인과,,,,,,,
신경근병증,신경과,정형외과,,,,,,
수면 장애,가정의학과,신경과,정신건강의학과,,,,,
외상성 경막하 출혈,신경외과,,,,,,,
광장공포증,정신건강의학과,,,,,,,
반사회성 인격장애,정신건강의학과,,,,,,,
실어증,정신건강의학과,,,,,,,
자폐증 / 자폐 스펙트럼 장애,정신건강의학과,소아정신건강의학과,,,,,,
각기병,신경과,,,,,,,
망상 장애,정신건강의학과,,,,,,,
해리 장애,정신건강의학과,,,,,,,
변비,소화기내과,노년내과,소아소화기영양과,,,,,
난독증,정신건강의학과,,,,,,,
기분부전증,정신건강의학과,소아정신건강의학과,,,,,,
설인신경통,마취통증의학과,신경외과,,,,,,
길랑-바레 증후군,신경과,,,,,,,
변실금,소화기내과,대장항문외과,,,,,,
지간 신경종,정형외과,,,,,,,
인터넷 중독,정신건강의학과,,,,,,,
얼렌 증후군,정신건강의학과,,,,,,,
지적장애,재활의학과,어린이병원,소아정신건강의학과,소아재활의학과,,,,
뮌하우젠 증후군,정신건강의학과,,,,,,,
기면증,신경과,,,,,,,
복막염,소화기내과,,,,,,,
후두 신경통,마취통증의학과,신경과,,,,,,
편집성 인격장애,정신건강의학과,,,,,,,
성도착증,정신건강의학과,,,,,,,
반응성 애착장애,정신건강의학과,소아정신건강의학과,,,,,,
하지불안증후군,신경과,정신건강의학과,,,,,,
좌골신경통,마취통증의학과,신경외과,정형외과,,,,,
성기능장애,비뇨의학과,,,,,,,
사회공포증,정신건강의학과,,,,,,,
수면보행증,정신건강의학과,,,,,,,
말더듬이,정신건강의학과,어린이병원,소아정신건강의학과,,,,,
지주막하 출혈,신경과,신경외과,,,,,,
틱 장애,정신건강의학과,소아정신건강의학과,,,,,,
의상도착증,정신건강의학과,,,,,,,
바르톨린샘의 고름집,산부인과,,,,,,,
양수색전증,산부인과,,,,,,,
칸디다성 외음질염,산부인과,,,,,,,
융모막암종,산부인과,암병원,,,,,,
첨형 콘딜로마,비뇨의학과,산부인과,,,,,,
여성 불임,산부인과,,,,,,,
외음질의 이물,산부인과,응급의학과,,,,,,
회음 괴저,비뇨의학과,산부인과,,,,,,
포상기태,산부인과,,,,,,,
유방통,유방외과,,,,,,,
폐경기 및 여성의 갱년기 상태,내분비내과,산부인과,,,,,,
원발성 월경곤란,산부인과,,,,,,,
노인성 질염 vag,산부인과,,,,,,,
트리코모나스증,산부인과,,,,,,,
"비정상적 자궁, 질 출혈",산부인과,,,,,,,
유산,산부인과,,,,,,,
유산 후 계속되는 임신,산부인과,,,,,,,
"난소, 난관 이상",산부인과,,,,,,,
자궁 경부의 이형성증,산부인과,,,,,,,
자궁 외 임신,산부인과,,,,,,,
계류 유산,산부인과,,,,,,,
자궁의 비염증성 장애,산부인과,,,,,,,
양수과소증,산부인과,,,,,,,
회음 열상,산부인과,,,,,,,
분만 후 출혈,산부인과,,,,,,,
조기 진통,산부인과,,,,,,,
만성 중이염,이비인후과,,,,,,,
삼출성 중이염,이비인후과,,,,,,,
설소대 단축증,이비인후과,,,,,,,
낭포성 히그로마,성형외과,소아외과,어린이병원,,,,,
난산,산부인과,,,,,,,
태아 알코올 증후군,산부인과,신생아과,,,,,,
아데노이드의 비대를 동반한 편도의 비대,이비인후과,,,,,,,
과다월경,산부인과,,,,,,,
후두암,종양내과,방사선종양학과,이비인후과,암병원,,,,
칼만 증후군,내분비내과,신경외과,의학유전학센터,소아내분비대사과,의학유전학과,,,
비중격 만곡,이비인후과,,,,,,,
만성 부비동염,이비인후과,알레르기내과,,,,,,
희발월경,산부인과,,,,,,,
성대와 후두 용종,이비인후과,,,,,,,
성대와 후두 결절,이비인후과,,,,,,,
배란통,산부인과,,,,,,,
감각신경성 난청,이비인후과,,,,,,,
산후 우울증,산부인과,정신건강의학과,,,,,,
급성 신부전,신장내과,신ㆍ췌장이식외과,,,,,,
산후 갑상선염,내분비내과,,,,,,,
만성 신부전,신장내과,소아청소년심장과,신ㆍ췌장이식외과,,,,,
월경전 증후군,산부인과,,,,,,,
산욕열,산부인과,,,,,,,
급성 간질성 신염,신장내과,,,,,,,
낭성 신장 질환,신장내과,비뇨의학과,소아신장과,소아비뇨의학과,,,,
부가지,성형외과,소아정형외과,,,,,,
무지외반증,정형외과,,,,,,,
신증후군,신장내과,소아신장과,,,,,,
지방종,성형외과,피부과,,,,,,
매몰귀,성형외과,,,,,,,
파킨슨병,신경과,,,,,,,
양안격리증,성형외과,,,,,,,
비정형 파킨슨 증후군,신경과,,,,,,,
소이증,성형외과,이비인후과,,,,,,
돌출귀,성형외과,,,,,,,
이차성 파킨슨증,신경과,,,,,,,
기관지폐 형성이상,신생아과,소아천식아토피센터,,,,,,
근육긴장이상증,신경과,,,,,,,
선천성 사경,재활의학과,소아재활의학과,,,,,,
선천성 수신증,신생아과,어린이병원,소아신장과,소아비뇨의학과,,,,
"떨림, 진전",신경과,,,,,,,
선천성 편평발,소아정형외과,,,,,,,
일과성 뇌허혈증,신경과,,,,,,,
뇌경색,신경과,신경외과,재활의학과,정신건강의학과,소아신경과,,,
횡격막 탈장,소아외과,소아전문응급센터,,,,,,
야뇨증,비뇨의학과,소아비뇨의학과,,,,,,
알츠하이머병,신경과,정신건강의학과,,,,,,
샅육아종,감염내과,비뇨의학과,산부인과,,,,,
혈관성 치매,신경과,정신건강의학과,,,,,,
영아 비대성 유문협착증,산부인과,소아외과,,,,,,
경미한 인지장애,신경과,,,,,,,
신생아 괴사성 장염,산부인과,신생아과,소아외과,,,,,
다발성 경화증,신경과,,,,,,,
중증 근무력증,신경과,,,,,,,
운동신경 질환,신경과,,,,,,,
척수병증,신경과,신경외과,정형외과,,,,,
전이 암,종양내과,방사선종양학과,,,,,,
성홍열,어린이병원,,,,,,,
폐 전이,종양내과,호흡기내과,방사선종양학과,심장혈관흉부외과,,,,
잠재성 이분 척추,어린이병원,,,,,,,
악성 흉막 삼출,종양내과,호흡기내과,,,,,,
췌장 전이암,소화기내과,종양내과,간담도췌외과,,,,,
전이성 신장암,종양내과,,,,,,,
선천성 기형,의학유전학센터,어린이병원,,,,,,
요관 결석,비뇨의학과,,,,,,,
연부조직 전이,종양내과,방사선종양학과,,,,,,
서혜부 탈장,어린이병원,,,,,,,
신생아 황달,신생아과,어린이병원,,,,,,
알포트 증후군,신장내과,어린이병원,,,,,,
신생아 경련,어린이병원,소아신경과,,,,,,
영아 산통,신생아과,어린이병원,,,,,,
척수수막류,어린이병원,소아신경외과,,,,,,
신생아 가사,신생아과,어린이병원,소아재활의학과,,,,,
배꼽염,신생아과,어린이병원,,,,,,
소아마비,어린이병원,,,,,,,
신생아 호흡곤란증후군,신생아과,어린이병원,소아재활의학과,,,,,
라이 증후군,어린이병원,,,,,,,
기형종,어린이병원,,,,,,,
고환 여성화 증후군,어린이병원,,,,,,,
급성 충수염,소아외과,대장항문외과,,,,,,
복수,소화기내과,,,,,,,
석회화 담낭,소화기내과,,,,,,,
셀리악병,소화기내과,,,,,,,
소장의 혈관 장애,소화기내과,,,,,,,
소화불량,가정의학과,소화기내과,노년내과,,,,,
스핑고 지질증,의학유전학센터,소아내분비대사과,소아신경과,의학유전학과,,,,
식도 정맥류,소화기내과,,,,,,,
식도암,소화기내과,종양내과,영상의학과,방사선종양학과,신경외과,이비인후과,심장혈관흉부외과,위장관외과
식도염,소화기내과,노년내과,,,,,,
식도의 평활근종,소화기내과,,,,,,,
십이지장염,소화기내과,,,,,,,
아메바성 간농양,소화기내과,,,,,,,
위 정맥류,소화기내과,,,,,,,
위경련,감염내과,소화기내과,,,,,,
위용종,소화기내과,,,,,,,
위장관 출혈,소화기내과,소아소화기영양과,,,,,,
장유착,소화기내과,,,,,,,
자극성 장 증후군,소화기내과,,,,,,,
장중첩증,산부인과,소아외과,,,,,,
항문 및 직장의 궤양,소화기내과,,,,,,,
장폐색,소화기내과,소아외과,대장항문외과,,,,,
탈항,소화기내과,,,,,,,
췌장암,소화기내과,종양내과,방사선종양학과,간담도췌외과,간이식ㆍ간담도외과,암병원,,
핵황달,어린이병원,,,,,,,
동상,가정의학과,성형외과,응급의학과,,,,,
냉방병,가정의학과,,,,,,,
만성 피로 증후군,가정의학과,노년내과,,,,,,
대사 증후군,가정의학과,,,,,,,
새집 증후군,가정의학과,알레르기내과,,,,,,
잠수병,응급의학과,,,,,,,
건강염려증,정신건강의학과,,,,,,,
수족냉증,가정의학과,,,,,,,
유당분해효소결핍증,가정의학과,,,,,,,
급성 담낭염,소화기내과,간담도췌외과,간이식ㆍ간담도외과,,,,,
간성 뇌증,소화기내과,,,,,,,
화농성 간농양,감염내과,소화기내과,,,,,,
경화성 담관염,소화기내과,,,,,,,
급성 B형 간염,소화기내과,간이식ㆍ간담도외과,,,,,,
급성 C형 간염,소화기내과,간이식ㆍ간담도외과,소아소화기영양과,,,,,
원발성 담즙성 경화증,소화기내과,,,,,,,
만성 담낭염,소화기내과,간담도췌외과,간이식ㆍ간담도외과,,,,,
대장염,소화기내과,,,,,,,
헬리코박터균 감염,가정의학과,소화기내과,노년내과,소아소화기영양과,,,,
간 혈관종,소화기내과,성형외과,,,,,,
간신 증후군,소화기내과,,,,,,,
카롤리병,소화기내과,,,,,,,
간디스토마,소화기내과,,,,,,,
덤핑 증후군,소화기내과,,,,,,,
말로리-바이스 증후군,소화기내과,,,,,,,
항문소양증,소화기내과,피부과,대장항문외과,,,,,
위막성 대장염,소화기내과,,,,,,,
단장 증후군,소화기내과,,,,,,,
복부 대동맥류,혈관외과,심장혈관흉부외과,,,,,,
급성 심근경색증,심장내과,심장병원,,,,,,
동정맥루 기능부전,혈관외과,,,,,,,
악성 중피종,종양내과,방사선종양학과,,,,,,
심낭 압전,심장내과,심장병원,,,,,,
천추골 골절,정형외과,,,,,,,
수정대혈관 전위,소아심장외과,,,,,,,
염좌,정형외과,,,,,,,
오래된 심근경색증,심장내과,심장병원,,,,,,
편도결석,이비인후과,,,,,,,
카포시 육종,방사선종양학과,성형외과,정형외과,피부과,암병원,,,
임파선염,이비인후과,,,,,,,
결절성 다발동맥염,혈관외과,심장병원,류마티스내과,,,,,
춘곤증,가정의학과,,,,,,,
괴혈병,가정의학과,,,,,,,
조로증,의학유전학센터,의학유전학과,,,,,,
아메바성 이질,소화기내과,,,,,,,
장출혈성 대장균 감염증,감염내과,소화기내과,,,,,,
중증 급성 호흡기 증후군,호흡기내과,,,,,,,
흑사병,감염내과,,,,,,,
흉부 대동맥류,심장내과,심장병원,,,,,,
자가면역 질환,내분비내과,소화기내과,신장내과,호흡기내과,피부과,류마티스내과,알레르기내과,
강박 장애,정신건강의학과,,,,,,,
폐색성 혈전 혈관염 ,혈관외과,,,,,,,
망막 열공,안과,,,,,,,
불안정형 협심증,심장내과,심장병원,,,,,,
안암,종양내과,방사선종양학과,안과,암병원,,,,
심실 세동,심장내과,심장병원,,,,,,
충수암,종양내과,대장항문외과,암병원,,,,,
심실 빈맥,심장내과,심장병원,,,,,,
대동맥판막 기능부전 ,심장내과,심장병원,,,,,,
대동맥판막 협착 ,심장내과,심장병원,,,,,,
서맥,심장내과,심장병원,,,,,,
심내막염,심장내과,심장병원,,,,,,
저혈압,심장내과,심장병원,,,,,,
림프부종,산부인과,성형외과,혈관외과,재활의학과,,,,
통풍성 관절염,류마티스내과,,,,,,,
안와 골절,성형외과,안과,,,,,,
근근막 통증 증후군,재활의학과,,,,,,,
색약,안과,,,,,,,
팔죽지 골절,정형외과,,,,,,,
구순염,피부과,,,,,,,
가습기 살균제 연관 폐질환,호흡기내과,,,,,,,
넬슨 증후군,내분비내과,소아내분비대사과,,,,,,
모공성 각화증,피부과,,,,,,,
옻 중독,피부과,,,,,,,
레이노병,류마티스내과,,,,,,,
승모판 기능부전 ,심장내과,심장혈관흉부외과,심장병원,,,,,
습관성 유산,산부인과,,,,,,,
승모판 협착 ,심장내과,심장병원,,,,,,
구순포진,감염내과,피부과,,,,,,
뎅기열,감염내과,,,,,,,
뇌염,신경과,소아신경과,,,,,,
가와사키병,어린이병원,,,,,,,
일본 뇌염,감염내과,신경과,소아신경과,,,,,
심계항진,심장내과,심장병원,,,,,,
심낭 삼출 ,심장내과,심장병원,,,,,,
장티푸스,감염내과,,,,,,,
심낭염,심장내과,심장병원,,,,,,
수부 습진,피부과,,,,,,,
폐성 고혈압,심장내과,소아청소년심장과,심장병원,,,,,
난청,이비인후과,,,,,,,
경동맥 협착증,혈관외과,심장외과,,,,,,
측두동맥염,혈관외과,심장외과,,,,,,
급성 중이염,이비인후과,,,,,,,
협심증,심장내과,심장병원,,,,,,
국소 다한증,심장혈관흉부외과,,,,,,,
규폐증,호흡기내과,,,,,,,
귀두포피염,비뇨의학과,소아비뇨의학과,,,,,,
늑막염,호흡기내과,,,,,,,
잠복고환증,비뇨의학과,소아비뇨의학과,,,,,,
부고환염,비뇨의학과,소아비뇨의학과,,,,,,
특발성 폐섬유화증,호흡기내과,,,,,,,
혈정액증,비뇨의학과,,,,,,,
카르시노이드 증후군,종양내과,호흡기내과,,,,,,
신증후성 출혈열,감염내과,신장내과,,,,,,
결핵,감염내과,호흡기내과,,,,,,
수신증,비뇨의학과,소아신장과,소아비뇨의학과,,,,,
요도하열,비뇨의학과,소아비뇨의학과,,,,,,
면역글로불린 A 신병증,신장내과,소아신장과,,,,,,
농흉,호흡기내과,,,,,,,
남성 불임,비뇨의학과,,,,,,,
음낭 내 부속기 염전,비뇨의학과,,,,,,,
비임균성 요도염,비뇨의학과,,,,,,,
포경,비뇨의학과,,,,,,,
고환염,비뇨의학과,,,,,,,
감돈포경,비뇨의학과,,,,,,,
조루증,비뇨의학과,,,,,,,
음경 발기지속증,비뇨의학과,,,,,,,
신장 이형성증,어린이병원,소아비뇨의학과,,,,,,
소변 정체,비뇨의학과,,,,,,,
고환의 염전,비뇨의학과,,,,,,,
신우요관 폐색,비뇨의학과,소아비뇨의학과,,,,,,
요실금,비뇨의학과,,,,,,,
요로결석,비뇨의학과,,,,,,,
방광요관 역류,비뇨의학과,소아신장과,소아비뇨의학과,,,,,
만성 전립선염,비뇨의학과,,,,,,,
방광의 신경근육 기능 장애,비뇨의학과,,,,,,,
요관 협착,비뇨의학과,,,,,,,
방광소장 누공,비뇨의학과,,,,,,,
방광질 누공,비뇨의학과,,,,,,,
무증상 세균뇨,감염내과,비뇨의학과,,,,,,
임질,비뇨의학과,,,,,,,
미세변화 신증후군,신장내과,소아신장과,,,,,,
정자부족증,산부인과,,,,,,,
음경만곡증,비뇨의학과,,,,,,,
성병,감염내과,,,,,,,
요독증,신장내과,,,,,,,
결막염,안과,소아안과,,,,,,
각막 궤양,안과,소아안과,,,,,,
출혈성 결막염,안과,소아안과,,,,,,
안검하수,성형외과,안과,소아안과,,,,,
맥립종,안과,소아안과,,,,,,
난시,안과,,,,,,,
근시,안과,소아안과,,,,,,
노안,안과,소아안과,,,,,,
망막 출혈,안과,,,,,,,
맥락막 흑색종,종양내과,방사선종양학과,안과,,,,,
복시,안과,소아안과,,,,,,
비문증,안과,소아안과,,,,,,
진균성 각막 궤양,안과,,,,,,,
홍채염,안과,소아안과,,,,,,
원추각막,안과,,,,,,,
수정체 탈구,안과,,,,,,,
야맹증,안과,,,,,,,
가성근시,안과,소아안과,,,,,,
익상편,안과,,,,,,,
망막색소변성증,안과,,,,,,,
설맹,안과,,,,,,,
유방 농양,유방외과,,,,,,,
유방의 엽상 종양,종양내과,방사선종양학과,유방외과,,,,,
유방 종양,유방외과,,,,,,,
유방의 섬유선종,유방외과,,,,,,,
여성형 유방,내분비내과,성형외과,유방외과,,,,,
유방의 유선관 내 유두종,유방외과,,,,,,,
함몰 유두,성형외과,,,,,,,
유선염,유방외과,,,,,,,
점액수종 혼수,내분비내과,,,,,,,
갈색세포종,내분비내과,,,,,,,
폐부종,호흡기내과,,,,,,,
갑상설관 낭종,이비인후과,,,,,,,
당뇨병성 말초신경병증,내분비내과,,,,,,,
뇌하수체 기능 항진,내분비내과,,,,,,,
부갑상선기능항진증,내분비내과,소화기내과,내분비외과,,,,,
유관 확장증,유방외과,,,,,,,
흉선암,종양내과,방사선종양학과,심장혈관흉부외과,암병원,,,,
유방의 미세석회화,유방외과,,,,,,,
갑상선염,내분비내과,이비인후과,내분비외과,,,,,
말단비대증,내분비내과,신경외과,,,,,,
항인지질 항체 증후군,감염내과,내분비내과,혈액내과,,,,,
갑상선 여포암,내분비내과,이비인후과,내분비외과,,,,,
갑상선기능항진증,가정의학과,내분비내과,내분비외과,,,,,
갑상선 수질암,내분비내과,이비인후과,내분비외과,,,,,
포르피린증,혈액내과,,,,,,,
갑상선 미분화암,내분비내과,이비인후과,내분비외과,,,,,
급성 류마티스성 열,응급의학과,어린이병원,,,,,,
무른 궤양,비뇨의학과,산부인과,,,,,,
혼수,신경외과,응급의학과,,,,,,
압궤 손상,성형외과,응급의학과,정형외과,,,,,
단독,가정의학과,피부과,,,,,,
돌발성 발진,소아내분비대사과,소아소화기영양과,소아감염과,,,,,
소화관의 이물,소화기내과,응급의학과,,,,,,
식도의 이물,소화기내과,응급의학과,,,,,,
가스 괴저,감염내과,응급의학과,정형외과,,,,,
고칼슘혈증,내분비내과,응급의학과,,,,,,
고칼륨혈증,신장내과,응급의학과,소아신장과,,,,,
고마그네슘혈증,신장내과,응급의학과,,,,,,
고나트륨혈증,신장내과,응급의학과,,,,,,
저칼슘혈증,내분비내과,신생아과,소아내분비대사과,,,,,
저칼륨혈증,내분비내과,신장내과,소아신장과,,,,,
저마그네슘혈증,신장내과,,,,,,,
저나트륨혈증,내분비내과,신장내과,노년내과,,,,,
저체온증,응급의학과,,,,,,,
대사성 알칼리증,신장내과,,,,,,,
호흡성 산증,호흡기내과,응급의학과,,,,,,
호흡성 알칼리증,응급의학과,,,,,,,
횡문근융해증,신장내과,,,,,,,
익수,응급의학과,,,,,,,
독성 쇼크 증후군,응급의학과,,,,,,,
외상에 의한 척수 손상,신경외과,응급의학과,,,,,,
장염전,소아외과,,,,,,,
대사성 산증,소아신장과,,,,,,,
패혈증,호흡기내과,응급의학과,중환자실,소아중환자과,,,,
이물질에 의한 기도 막힘,응급의학과,,,,,,,
화상,성형외과,응급의학과,피부과,,,,,
벌에 쏘였을 때,응급의학과,,,,,,,
일산화탄소 중독,응급의학과,,,,,,,
식중독,가정의학과,소화기내과,,,,,,
열사병,응급의학과,,,,,,,
악성 고열증,응급의학과,,,,,,,
고산병,가정의학과,응급의학과,,,,,,
열 피로,가정의학과,응급의학과,,,,,,
18번 염색체 단완결실 증후군,의학유전학과,,,,,,,
18번 염색체 장완결실 증후군 ,의학유전학과,,,,,,,
연골무형성증,의학유전학센터,소아내분비대사과,의학유전학과,소아정형외과,,,,
부신백질이영양증,신경과,의학유전학센터,소아내분비대사과,의학유전학과,소아재활의학과,,,
안드로겐 불감성 증후군 ,의학유전학센터,의학유전학과,,,,,,
엔젤만 증후군,의학유전학센터,소아내분비대사과,소아신경과,의학유전학과,,,,
에이퍼트 증후군 ,의학유전학센터,의학유전학과,,,,,,
ARC 증후군,의학유전학센터,의학유전학과,,,,,,
모세혈관 확장성 운동실조 증후군 ,의학유전학센터,의학유전학과,,,,,,
베커형 근이영양증,의학유전학센터,의학유전학과,,,,,,
베크위트-위드만 증후군,의학유전학센터,소아내분비대사과,의학유전학과,,,,,
베스트 난황형 황반부 이영양증 ,의학유전학센터,의학유전학과,,,,,,
카르니틴 팔미토일 전환효소 결핍증 2형,의학유전학센터,소아내분비대사과,의학유전학과,,,,,
22번 염색체 장완 미세결실 증후군,의학유전학센터,의학유전학과,,,,,,
피질하 경색과 백질뇌증을 동반하는 상염색체 우성 뇌동맥질환,신경과,의학유전학과,,,,,,
사이트린 결핍,의학유전학센터,의학유전학과,,,,,,
시트룰닌혈증,의학유전학센터,소아내분비대사과,의학유전학과,,,,,
선천성 부신과다 형성증,의학유전학센터,소아내분비대사과,의학유전학과,소아비뇨의학과,,,,
선천성 갑상선기능저하증,의학유전학센터,소아내분비대사과,소아신장과,의학유전학과,,,,
코넬리아드랑게 증후군 ,의학유전학센터,의학유전학과,,,,,,
묘성 증후군,의학유전학센터,의학유전학과,,,,,,
크루존 증후군,의학유전학센터,의학유전학과,,,,,,
Haw River 증후군,의학유전학센터,의학유전학과,,,,,,
다운 증후군 ,소아청소년심장과,소아내분비대사과,소아재활의학과,,,,,
듀시엔형 근이영양증 ,소아청소년심장과,의학유전학센터,소아내분비대사과,소아신경과,의학유전학과,,,
에드워드 증후군 ,소아청소년종양혈액과,소아외과,의학유전학센터,소아신경과,의학유전학과,소아재활의학과,,
엘러스-단로스 증후군 ,의학유전학센터,소아내분비대사과,의학유전학과,,,,,
파브리병,의학유전학센터,소아내분비대사과,의학유전학과,,,,,
헌팅톤 병,신경과,의학유전학센터,의학유전학과,,,,,
신경섬유종,성형외과,정형외과,피부과,의학유전학센터,소아내분비대사과,의학유전학과,소아신경외과,
니만-피크병,의학유전학센터,의학유전학과,,,,,,
누난 증후군 ,소아내분비대사과,,,,,,,
골형성부전증,의학유전학센터,의학유전학과,,,,,,
파타우 증후군,의학유전학센터,의학유전학과,,,,,,
파이퍼 증후군 ,의학유전학센터,의학유전학과,,,,,,
페닐케톤뇨증,의학유전학센터,소아내분비대사과,의학유전학과,,,,,
폼페병,의학유전학센터,소아내분비대사과,의학유전학과,,,,,
프라더 윌리 증후군 ,의학유전학센터,소아내분비대사과,의학유전학과,,,,,
프로피온산증,의학유전학센터,소아내분비대사과,소아신경과,의학유전학과,,,,
레트 증후군 ,의학유전학센터,의학유전학과,소아정신건강의학과,,,,,
루빈스타인 테이비 증후군 ,의학유전학센터,소아내분비대사과,의학유전학과,,,,,
러셀 실버 증후군 ,의학유전학센터,소아내분비대사과,의학유전학과,,,,,
산필리포 증후군,의학유전학센터,의학유전학과,,,,,,
슬라이 증후군,의학유전학센터,의학유전학과,,,,,,
스미스-마제니스 증후군 ,의학유전학센터,의학유전학과,,,,,,
대뇌성 거인증 ,의학유전학센터,의학유전학과,,,,,,
척수근육위축,신경과,신경외과,의학유전학센터,의학유전학과,,,,
척수구근 근위축증 ,신경과,의학유전학센터,의학유전학과,,,,,
척수소뇌성 운동실조증 ,신경과,의학유전학센터,의학유전학과,,,,,
스티클러 증후군,의학유전학센터,의학유전학과,,,,,,
테이-삭스병 ,의학유전학센터,의학유전학과,,,,,,
트리처 콜린스 증후군 ,성형외과,의학유전학센터,소아내분비대사과,의학유전학과,,,,
결절성 경화증 ,의학유전학센터,의학유전학과,,,,,,
터너 증후군 ,의학유전학센터,소아내분비대사과,의학유전학과,,,,,
본히펠린다우 증후군 ,내분비내과,의학유전학센터,소아내분비대사과,의학유전학과,,,,
바르덴부르크 증후군,의학유전학센터,의학유전학과,,,,,,
윌리암스 증후군 ,의학유전학센터,의학유전학과,,,,,,
윌슨병,소화기내과,신경과,의학유전학센터,간이식ㆍ간담도외과,소아내분비대사과,소아소화기영양과,의학유전학과,
윌름즈 종양,소아청소년종양혈액과,소아외과,의학유전학센터,의학유전학과,소아비뇨의학과,,,
4번 염색체 단완결실 증후군,의학유전학센터,의학유전학과,,,,,,
XXX 증후군,의학유전학센터,의학유전학과,,,,,,
XYY 증후군,의학유전학센터,의학유전학과,,,,,,
이석증,이비인후과,,,,,,,
미로염,이비인후과,,,,,,,
루드비히 안자이나 ,이비인후과,,,,,,,
외이도염,이비인후과,,,,,,,
외상에 의한 고막 천공,이비인후과,,,,,,,
현훈,신경과,이비인후과,,,,,,
전정신경염,이비인후과,,,,,,,
진주종,이비인후과,,,,,,,
만성 비염,호흡기내과,이비인후과,알레르기내과,,,,,
메니에르병,이비인후과,,,,,,,
비용종,이비인후과,,,,,,,
이루증,이비인후과,,,,,,,
편도선염,이비인후과,,,,,,,
인후두염,이비인후과,,,,,,,
고막염,이비인후과,,,,,,,
노인성 난청,이비인후과,,,,,,,
타석증,이비인후과,,,,,,,
이식편대숙주질환,혈액내과,,,,,,,
면역혈소판감소증,혈액내과,소아청소년종양혈액과,,,,,,
감염성 단핵구증,감염내과,혈액내과,,,,,,
원발성 중추신경계 림프종,종양내과,혈액내과,소아청소년종양혈액과,,,,,
베게너 육아종증,류마티스내과,,,,,,,
악액질,종양내과,,,,,,,
조혈모세포 이식,혈액내과,소아청소년종양혈액과,,,,,,
유잉육종,종양내과,소아청소년종양혈액과,,,,,,
과오종,종양내과,,,,,,,
랑거한스세포 조직구증식증,소아청소년종양혈액과,정형외과,,,,,,
폰빌레브란트병,혈액내과,,,,,,,
턱관절 탈구,치과,,,,,,,
설통,이비인후과,치과,,,,,,
치조골염,치과,,,,,,,
치아 우식증[충치],치과,,,,,,,
치은염,치과,,,,,,,
치주 농양,치과,,,,,,,
탈모증,피부과,,,,,,,
기저세포 암종,성형외과,피부과,피부암센터,,,,,
기저귀 피부염,피부과,,,,,,,
천포창,피부과,,,,,,,
옴,피부과,,,,,,,
피부건조증,피부과,,,,,,,
티눈 및 굳은살,피부과,,,,,,,
피부염,피부과,,,,,,,
상피내 신생물,성형외과,피부과,,,,,,
내향성 손발톱,성형외과,피부과,,,,,,
악성 흑색종,종양내과,방사선종양학과,성형외과,정형외과,피부과,피부암센터,암병원,
땀띠,피부과,,,,,,,
광선 각화증,피부과,,,,,,,
무모증,피부과,,,,,,,
비듬,피부과,,,,,,,
습진,피부과,,,,,,,
다모증,피부과,,,,,,,
주근깨,피부과,,,,,,,
안면 홍조증,피부과,,,,,,,
어린선,피부과,,,,,,,
켈로이드,성형외과,피부과,,,,,,
만성 단순 태선,피부과,,,,,,,
비립종,피부과,,,,,,,
오타 모반,피부과,,,,,,,
딸기코,피부과,,,,,,,
쥐젖,피부과,,,,,,,
안검황색종,성형외과,피부과,,,,,,
폐 농양,호흡기내과,,,,,,,
폐렴간균에 의한 폐렴 ,호흡기내과,,,,,,,
아스페르길루스증,감염내과,호흡기내과,심장혈관흉부외과,알레르기내과,,,,
만성 기관지염,호흡기내과,알레르기내과,,,,,,
진폐증,호흡기내과,,,,,,,
무지중수지관절측부인대손상,성형외과,정형외과,,,,,,
분리 불안 장애,정신건강의학과,소아정신건강의학과,,,,,,
소아청소년기 우울증,소아정신건강의학과,,,,,,,
병적 도벽,정신건강의학과,,,,,,,
흉막 삼출,호흡기내과,,,,,,,
성인 호흡곤란 증후군,호흡기내과,,,,,,,
흉곽출구 증후군,심장내과,심장혈관흉부외과,,,,,,
기관 협착,호흡기내과,이비인후과,소아천식아토피센터,,,,,
종격동염,호흡기내과,심장혈관흉부외과,,,,,,
한관종,피부과,,,,,,,
사면발이증,피부과,,,,,,,
색소 세포성 모반,성형외과,피부과,,,,,,
간찰성 홍반,피부과,,,,,,,
농가진,성형외과,피부과,,,,,,
한선염,성형외과,피부과,,,,,,
표피낭종,성형외과,피부과,,,,,,
피부 농양,성형외과,피부과,,,,,,
근위축성 측색 경화증,신경과,,,,,,,
배뇨통,비뇨의학과,,,,,,,
요추 추간판 탈출증,마취통증의학과,신경외과,정형외과,,,,,
족저 근막염,정형외과,,,,,,,
부르가다 증후군,심장내과,,,,,,,
후종인대 골화증,신경외과,정형외과,,,,,,
상대정맥 증후군,종양내과,심장혈관흉부외과,,,,,,
석회성 건염,정형외과,,,,,,,
안검염,안과,,,,,,,
타액선암,종양내과,방사선종양학과,소아청소년종양혈액과,이비인후과,치과,암병원,,
구강암,종양내과,방사선종양학과,이비인후과,치과,구강악안면외과,,,
척추측만증,정형외과,,,,,,,
VDT 증후군,정형외과,,,,,,,
고환 종양,종양내과,방사선종양학과,비뇨의학과,,,,,
기미,피부과,,,,,,,
뇌출혈,신경과,신경외과,재활의학과,,,,,
타카야수 혈관염,심장내과,혈관외과,신경과,류마티스내과,,,,
당뇨병성 케톤산증 ,내분비내과,,,,,,,
"과숙아, 만기 후 출산아",신생아과,어린이병원,,,,,,
미숙아 망막병증,신생아과,안과,소아안과,,,,,
연부조직 육종,종양내과,방사선종양학과,성형외과,소아청소년종양혈액과,정형외과,암병원,,
위말트 림프종 ,소화기내과,종양내과,위암센터,암병원,,,,
이소성 췌장,소화기내과,소아소화기영양과,,,,,,
외상성 치매 ,정신건강의학과,,,,,,,
발달 장애,의학유전학센터,소아신경과,의학유전학과,소아재활의학과,,,,
모반,성형외과,피부과,,,,,,
뇌사,신경과,신경외과,,,,,,
금단 현상,정신건강의학과,,,,,,,
자궁경부염,산부인과,,,,,,,
비브리오 패혈증,감염내과,응급의학과,,,,,,
무정자증,비뇨의학과,산부인과,,,,,,
댄디워커 증후군,의학유전학센터,소아신경과,,,,,,
폐결절,호흡기내과,,,,,,,
아스퍼거 증후군,정신건강의학과,소아정신건강의학과,,,,,,
경계성 인격장애,정신건강의학과,,,,,,,
방광탈,비뇨의학과,산부인과,,,,,,
조기 폐경,산부인과,,,,,,,
난관수종,산부인과,,,,,,,
융모양막염,산부인과,,,,,,,
성인형 스틸병,류마티스내과,,,,,,,
척수 종양,방사선종양학과,신경외과,소아신경외과,암병원,,,,
척수공동증,신경외과,소아신경외과,,,,,,
기억상실증,신경과,,,,,,,
노카르디아증,감염내과,소아감염과,,,,,,
유행성 이하선염,감염내과,이비인후과,소아신장과,소아감염과,,,,
히스토플라즈마증,감염내과,호흡기내과,,,,,,
톡소플라즈마증,감염내과,,,,,,,
샤가스병,감염내과,,,,,,,
자가면역성 갑상선염,내분비내과,신생아과,,,,,,
비인두 종양,산부인과,신경외과,이비인후과,소아내분비대사과,소아신경외과,,,
눈물흘림증,안과,,,,,,,
두부 백선,피부과,,,,,,,
단순 포진성 뇌염,감염내과,신경과,,,,,,
뚜렛 증후군,정신건강의학과,소아정신건강의학과,,,,,,
화염상 모반,피부과,,,,,,,
거대세포 바이러스 질환,감염내과,소아감염과,,,,,,
직장 유암종,소화기내과,,,,,,,
위 유암종,소화기내과,,,,,,,
편도암,종양내과,방사선종양학과,이비인후과,암병원,,,,
신경성 폭식증,정신건강의학과,,,,,,,
신경성 식욕부진증,정신건강의학과,소아정신건강의학과,,,,,,
조갑 이영양증,피부과,,,,,,,
과립막 세포종,산부인과,,,,,,,
척추 뇌저 동맥 증후군,신경과,,,,,,,
납 중독,가정의학과,,,,,,,
원발부위 불명암,종양내과,방사선종양학과,암병원,,,,,
음경암,비뇨의학과,암병원,,,,,,
부갑상선암,내분비내과,내분비외과,,,,,,
간질성 방광염,비뇨의학과,,,,,,,
오스굿씨 병,정형외과,,,,,,,
쌍태아 수혈 증후군,산부인과,,,,,,,
난소난관염,산부인과,,,,,,,
자궁 발육부전,산부인과,,,,,,,
노로바이러스 장염,소화기내과,소아소화기영양과,,,,,,
태반 유착증,산부인과,,,,,,,
선천성 색소결핍증,피부과,의학유전학센터,의학유전학과,,,,,
비장암,종양내과,간담도췌외과,신ㆍ췌장이식외과,,,,,
흡수장애 증후군,소화기내과,,,,,,,
담낭 선근종증,소화기내과,간담도췌외과,간이식ㆍ간담도외과,,,,,
유방 상피내암,방사선종양학과,유방외과,,,,,,
신경절 신경종,신경외과,,,,,,,
난원공 개존증,소아청소년심장과,,,,,,,
스터지 웨버 증후군,성형외과,신경과,소아신경과,소아재활의학과,,,,
새열 낭종,이비인후과,어린이병원,,,,,,
쇄골 골절,정형외과,,,,,,,
무릎관절증,정형외과,,,,,,,
버킷 림프종,종양내과,혈액내과,소아청소년종양혈액과,소아외과,,,,
무치아증,치과,,,,,,,
침샘염,이비인후과,치과,,,,,,
화농성 안구내염,안과,,,,,,,
캐슬만병,종양내과,혈액내과,,,,,,
슬개골 골절,정형외과,,,,,,,
차지 증후군,소아청소년심장과,의학유전학센터,어린이병원,소아내분비대사과,의학유전학과,소아천식아토피센터,,
절박 유산,산부인과,,,,,,,
기능성 위장 장애,소화기내과,,,,,,,
린치 증후군,종양내과,방사선종양학과,,,,,,
각막 부종,안과,,,,,,,
갑상선 유두암,내분비내과,이비인후과,내분비외과,,,,,
폐소공포증,정신건강의학과,,,,,,,
낭종성 폐질환,호흡기내과,,,,,,,
점액낭염,정형외과,,,,,,,
두개골 골절,성형외과,신경외과,정형외과,,,,,
거스트만 증후군,신경과,신경외과,재활의학과,,,,,
십자 인대 손상,정형외과,,,,,,,
캄필로박터 감염증,감염내과,,,,,,,
질암,산부인과,암병원,,,,,,
자궁 육종,산부인과,암병원,,,,,,
외음부암,산부인과,암병원,,,,,,
진행성 핵상마비,신경과,,,,,,,
피부섬유육종,성형외과,피부과,,,,,,
신동맥 협착증,신장내과,,,,,,,
편평 태선,피부과,,,,,,,
급성 관동맥 증후군,심장내과,심장혈관흉부외과,,,,,,
태변 흡인 증후군,신생아과,,,,,,,
중심장액성 맥락망막병증,안과,,,,,,,
에볼라 출혈열,감염내과,,,,,,,
라싸열,감염내과,어린이병원,,,,,,
단일 제대 동맥,산부인과,,,,,,,
신경초종,종양내과,방사선종양학과,신경외과,이비인후과,,,,
잠금 증후군,신경과,신경외과,,,,,,
교모세포종,종양내과,방사선종양학과,소아청소년종양혈액과,신경외과,소아신경외과,,,
유방 파제트병 ,방사선종양학과,유방외과,,,,,,
사타구니 백선,피부과,,,,,,,
심방 조동,심장내과,심장병원,,,,,,
파라핀종,성형외과,,,,,,,
연골연화증,정형외과,,,,,,,
안검내반,안과,,,,,,,
중증 열성 혈소판감소 증후군,감염내과,,,,,,,
꽃가루 알레르기,알레르기내과,,,,,,,
조갑주위염,피부과,,,,,,,
뇌농양,감염내과,신경외과,,,,,,
정계정맥류,비뇨의학과,소아비뇨의학과,,,,,,
골감소증,가정의학과,내분비내과,,,,,,
양수과다증,산부인과,,,,,,,
장간막 동맥 혈전증,응급의학과,,,,,,,
장간막 정맥 혈전증,응급의학과,,,,,,,
베르니케 코시코프 증후군,신경과,정신건강의학과,,,,,,
식도이완불능증,소화기내과,,,,,,,
Rh 부적합 임신,산부인과,,,,,,,
중동 호흡기 증후군,호흡기내과,,,,,,,
기뇌증,응급의학과,,,,,,,
안면인식장애,신경과,,,,,,,
타코츠보 심근증,심장내과,,,,,,,
한랭 두드러기,피부과,알레르기내과,,,,,,
성인 주의력 결핍 과잉행동장애,정신건강의학과,,,,,,,
관절와순 파열,정형외과,,,,,,,
반코마이신 내성 황색포도알균 감염증,감염내과,,,,,,,
레지오넬라증,감염내과,,,,,,,
마버그열,감염내과,,,,,,,
메리오이드증,감염내과,,,,,,,
발진열,감염내과,,,,,,,
발진티푸스,감염내과,,,,,,,
보툴리눔독소증,감염내과,,,,,,,
인유두종 바이러스 감염증,감염내과,,,,,,,
후두개염,감염내과,호흡기내과,이비인후과,,,,,
반코마이신 내성 장알균 감염증,감염내과,,,,,,,
웨스트나일열,감염내과,,,,,,,
조류 인플루엔자 인체감염증,감염내과,,,,,,,
큐열,감염내과,,,,,,,
기쿠치병,감염내과,이비인후과,류마티스내과,,,,,
지카 바이러스 감염증,감염내과,,,,,,,
비출혈,이비인후과,,,,,,,
비부비동 종양,이비인후과,,,,,,,
약물 발진,피부과,,,,,,,
단순 포진,피부과,,,,,,,
동전모양 습진,피부과,,,,,,,
용혈성 요독 증후군,감염내과,소화기내과,신장내과,소아신장과,소아감염과,,,
로하드 증후군,의학유전학센터,소아내분비대사과,,,,,,
코로나-19,감염내과,호흡기내과,,,,,,
근감소증,노년내과,,,,,,,
