symptom,part1,part2a,part2b,illness1,illness2,illness3,illness4,illness5,illness6,illness7,illness8,illness9,illness10,illness11,illness12,illness13,illness14,illness15,illness16,illness17,illness18,illness19,illness20,illness21,illness22,illness23
거대자궁,40,42,,포상기태,,,,,,,,,,,,,,,,,,,,,,
거품있는 소변,40,43,,단세포군감마글로불린병증,신증후군,,,,,,,,,,,,,,,,,,,,,
골반 통증,40,46,,강직성 척추염,고환의 염전,골반 염증성 질환,급성 방광염,난관수종,난소 낭종,난소암,난소의 양성 종양,대퇴골두 무혈관성 괴사,만성 전립선염,방광암,변형성 고관절증,서혜부 탈장,습관성 유산,요근 농양,일과성 고관절 활액막염,자궁 상피 내 암종,자궁경관무력증,자궁경부암,자궁경부염,자궁내막암,자궁내막증,자궁선근증
긴박뇨,40,43,,간질성 방광염,급성 방광염,만성 전립선염,방광암,배뇨통,양성 전립선 비대증,요로 감염,요실금,,,,,,,,,,,,,,,
다뇨,40,43,,넬슨 증후군,당뇨병,당뇨병성 케톤산증 ,신증후성 출혈열,요붕증,인슐린 비의존성 당뇨병,인슐린 의존성 당뇨병,,,,,,,,,,,,,,,,
단백뇨,40,43,,급성 간질성 신염,단세포군감마글로불린병증,라싸열,면역글로불린 A 신병증,미세변화 신증후군,미세혈관병용혈빈혈,사구체신염,신증후군,신증후성 출혈열,알포트 증후군,임신성 고혈압,캐슬만병,,,,,,,,,,,
무뇨,40,43,,급성 신부전,대동맥 협착증,대동맥궁 단절,말기 신질환,파종혈관내응고,,,,,,,,,,,,,,,,,,
방광 팽만,40,43,,간질성 방광염,소변 정체,,,,,,,,,,,,,,,,,,,,,
배뇨곤란,40,43,,감돈포경,귀두포피염,급성 방광염,급성 신우신염,급성 질염,만성 전립선염,방광의 신경근육 기능 장애,방광탈,부고환염,비임균성 요도염,스티븐 존슨 증후군,양성 전립선 비대증,요로 감염,융모막암종,자궁 탈출증,자궁내막증,척추 골수염,혈정액증,,,,,
배뇨장애,40,43,,길랑-바레 증후군,다발골수종,다발성 경화증,방광탈,배뇨통,생식선 및 생식 세포의 신생물,양성 전립선 비대증,완전 척수 손상,외상에 의한 척수 손상,요로 감염,자궁 상피 내 암종,자궁경부암,조기 폐경,척수병증,척수수막류,후종인대 골화증,,,,,,,
분만 지연,40,41,,아두골반 불균형,양수과소증,,,,,,,,,,,,,,,,,,,,,
불규칙적 진통,40,41,,가진통,,,,,,,,,,,,,,,,,,,,,,
비정상적인 진통,40,41,,가진통,난산,양수과다증,융모양막염,조기 양막 파열,태반 조기 박리,,,,,,,,,,,,,,,,,
빈뇨,40,43,,간질성 방광염,고환의 염전,급성 방광염,급성 신우신염,난소의 양성 종양,방광요관 역류,방광의 신경근육 기능 장애,배뇨통,복압성 요실금,불안 장애,비임균성 요도염,수신증,신생아 다혈구증,양성 전립선 비대증,요관 결석,요로 감염,요로결석,음경암,임질,파종혈관내응고,혈뇨,,
소변량 감소,40,43,,간신 증후군,급성 신부전,말기 신질환,발육부전성 좌심 증후군,복수,신동맥 협착증,울혈성 심부전,자간전증,총동맥간증,패혈증,,,,,,,,,,,,,
소변을 볼 수 없음,40,43,,소변 정체,전립선암,,,,,,,,,,,,,,,,,,,,,
소변이 샘,40,43,,방광의 신경근육 기능 장애,방광탈,복압성 요실금,요실금,전립선암,,,,,,,,,,,,,,,,,,
수면 중 소변을 봄,40,43,,야뇨증,,,,,,,,,,,,,,,,,,,,,,
습관성 유산,40,41,,습관성 유산,자궁경관무력증,항인지질 항체 증후군,,,,,,,,,,,,,,,,,,,,
야간뇨,40,43,,간질성 방광염,배뇨통,양성 전립선 비대증,,,,,,,,,,,,,,,,,,,,
양막 유착,40,43,,양수과소증,,,,,,,,,,,,,,,,,,,,,,
요관 폐쇄,40,43,,대동맥 박리,전립선암,,,,,,,,,,,,,,,,,,,,,
요도 불쾌감,40,43,,임질,,,,,,,,,,,,,,,,,,,,,,
요로감염,40,43,,신우요관 폐색,양성 전립선 비대증,요관 협착,,,,,,,,,,,,,,,,,,,,
요정체,40,43,,보툴리눔독소증,,,,,,,,,,,,,,,,,,,,,,
임신 주수보다 작은 배,40,41,,자궁 내 성장 지연,,,,,,,,,,,,,,,,,,,,,,
임신중 배의 크기가 줄어듦,40,41,,양수과소증,,,,,,,,,,,,,,,,,,,,,,
자궁 수축,40,41,,아두골반 불균형,조기 진통,태반 조기 박리,,,,,,,,,,,,,,,,,,,,
잔뇨감,40,43,,급성 신우신염,만성 전립선염,배뇨통,양성 전립선 비대증,요로 감염,요로결석,자궁경부염,,,,,,,,,,,,,,,,
진한 소변색,40,43,,간문부 담관암,간신 증후군,간염,급성 A형 간염,급성 B형 간염,급성 C형 간염,담관암,만성 B형 간염,바터 팽대부 암,복압성 요실금,선천성 담관 폐쇄증,신생아 답즙정체증,자가면역용혈질환,총담관 낭,혈뇨,,,,,,,,
커지지 않는 자궁,40,43,,계류 유산,,,,,,,,,,,,,,,,,,,,,,
탁한 소변,40,43,,고환염,급성 방광염,,,,,,,,,,,,,,,,,,,,,
태동의 위치 이상,40,41,,이상 태위,,,,,,,,,,,,,,,,,,,,,,
태반의 조기 박리,40,41,,양수과소증,,,,,,,,,,,,,,,,,,,,,,
태아 심박동수 이상,40,41,,과숙아/ 만기 후 출산아,아두골반 불균형,,,,,,,,,,,,,,,,,,,,,
태아 저체중,40,41,,거대세포 바이러스 질환,단일 제대 동맥,쌍태아 수혈 증후군,자궁 내 성장 지연,,,,,,,,,,,,,,,,,,,
태아의 하강감,40,41,,조기 진통,,,,,,,,,,,,,,,,,,,,,,
탯줄의 압박,40,41,,양수과소증,,,,,,,,,,,,,,,,,,,,,,
혈뇨,40,43,,급성 간질성 신염,면역글로불린 A 신병증,미세혈관병용혈빈혈,방광소장 누공,방광암,사구체신염,신세포암종,신우요관 폐색,신우요관암,신장 결석,알포트 증후군,양성 전립선 비대증,요관 결석,요관 협착,요로결석,용혈성 요독 증후군,윌름즈 종양,윌슨병,자궁 상피 내 암종,전립선암,전이성 신장암,혈관염,혈뇨
고막 충혈,10,14,,파라인플루엔자 감염증,,,,,,,,,,,,,,,,,,,,,,
고막에 수포형성,10,14,,고막염,,,,,,,,,,,,,,,,,,,,,,
귀 모양의 변형,10,14,,4번 염색체 단완결실 증후군,XXX 증후군,베크위트-위드만 증후군,소이증,,,,,,,,,,,,,,,,,,,
귀 상부가 두피에 매몰됨,10,14,,매몰귀,,,,,,,,,,,,,,,,,,,,,,
귀에서 냄새가 남,10,14,,만성 중이염,,,,,,,,,,,,,,,,,,,,,,
귀의 통증,10,14,,급성 중이염,난청,만성 중이염,외이도염,유행성 이하선염,이루증,편도결석,,,,,,,,,,,,,,,,
난청,10,14,,거대세포 바이러스 질환,대뇌성 거인증 ,미로염,비인두 종양,삼출성 중이염,알포트 증후군,차지 증후군,트리처 콜린스 증후군 ,,,,,,,,,,,,,,,
이명,10,14,,감각신경성 난청,고막염,급성 중이염,난청,만성 중이염,메니에르병,삼출성 중이염,신경초종,외상에 의한 고막 천공,전정신경염,척추 뇌저 동맥 증후군,청신경초종,,,,,,,,,,,
이폐색감,10,14,,급성 중이염,메니에르병,삼출성 중이염,,,,,,,,,,,,,,,,,,,,
중이염소견,10,14,,터너 증후군 ,,,,,,,,,,,,,,,,,,,,,,
청각과민,10,14,,안면 마비,테이-삭스병 ,,,,,,,,,,,,,,,,,,,,,
청력장애,10,14,,22번 염색체 장완 미세결실 증후군,감각신경성 난청,거대세포 바이러스 질환,고막염,골형성부전증,구개열,급성 중이염,난청,노인성 난청,두개 유합증,라싸열,만성 중이염,메니에르병,바르덴부르크 증후군,부신백질이영양증,삼출성 중이염,소이증,스티클러 증후군,신경초종,외상에 의한 고막 천공,외이도염,진주종,청신경초종
감정 변화,50,51,,간성 뇌증,기억상실증,섬망,성인 주의력 결핍 과잉행동장애,소아청소년기 우울증,수막종,아스퍼거 증후군,알츠하이머병,치매,폐경,,,,,,,,,,,,,
거짓 증상 호소,50,51,,뮌하우젠 증후군,,,,,,,,,,,,,,,,,,,,,,
걸핏하면 눈물지음,50,51,,적응 장애,,,,,,,,,,,,,,,,,,,,,,
고정된 믿음,50,51,,망상 장애,,,,,,,,,,,,,,,,,,,,,,
관음증,50,51,,성도착증,,,,,,,,,,,,,,,,,,,,,,
권리를 강하게 주장,50,51,,편집성 인격장애,,,,,,,,,,,,,,,,,,,,,,
긴장,50,51,,발모벽,병적 방화,편집성 인격장애,,,,,,,,,,,,,,,,,,,,
나쁜 품행,50,51,,반사회성 인격장애,,,,,,,,,,,,,,,,,,,,,,
낮은 자존감,50,51,,기분부전증,성도착증,성인 주의력 결핍 과잉행동장애,,,,,,,,,,,,,,,,,,,,
노출증,50,51,,성도착증,,,,,,,,,,,,,,,,,,,,,,
높아진 자존심,50,51,,양극성 장애,,,,,,,,,,,,,,,,,,,,,,
대인관계 어려움,50,51,,경계성 인격장애,광장공포증,사회공포증,성인 주의력 결핍 과잉행동장애,아스퍼거 증후군,외상 후 스트레스 장애,인터넷 중독,,,,,,,,,,,,,,,,
대화에 불쑥 끼어듬,50,51,,성인 주의력 결핍 과잉행동장애,주의력결핍 과잉행동장애,,,,,,,,,,,,,,,,,,,,,
말더듬,50,51,,말더듬이,,,,,,,,,,,,,,,,,,,,,,
말을 많이 함,50,51,,양극성 장애,,,,,,,,,,,,,,,,,,,,,,
망상,50,51,,경계성 인격장애,망상 장애,분열정동 장애,양극성 장애,우울증,조현병,,,,,,,,,,,,,,,,,
무관심,50,51,,경미한 인지장애,,,,,,,,,,,,,,,,,,,,,,
무논리증,50,51,,조현병,,,,,,,,,,,,,,,,,,,,,,
무욕증,50,51,,조현병,,,,,,,,,,,,,,,,,,,,,,
무의지증,50,51,,뇌동맥 폐쇄,,,,,,,,,,,,,,,,,,,,,,
무증상,50,51,,PSA 상승,WPW 증후군,간 혈관종,간디스토마,간세포성 암종,간의 양성 신생물,갑상설관 낭종,거대세포 바이러스 질환,경동맥 협착증,고칼륨혈증,골감소증,기뇌증,난소 낭종,난소암,난소의 양성 종양,남성 불임,낭성 신장 질환,단세포군감마글로불린병증,담낭 선근종증,담낭 용종,대동맥 협착,대동맥판막 기능부전 ,대동맥판막 협착 
반사회적 인격장애,50,51,,알코올 의존성,,,,,,,,,,,,,,,,,,,,,,
불면증,50,51,,간성 뇌증,갑상선기능항진증,거북목 증후군,금단 현상,납 중독,불면증,불안 장애,산후 갑상선염,섬망,수면 무호흡증,울혈성 심부전,춘곤증,폐경,,,,,,,,,,
불안,50,51,,갑상선중독증,강박 장애,과호흡 증후군,광장공포증,금단 현상,급성 심근경색증,기억상실증,독성 쇼크 증후군,반응성 애착장애,베르니케 코시코프 증후군,부갑상선기능저하증,분리 불안 장애,불면증,사회공포증,산후 우울증,악성 흉막 삼출,안면 홍조증,알코올 의존성,외상 후 스트레스 장애,월경전 증후군,저혈당증,폐 혈전색전증,폐경
비관주의,50,51,,기분부전증,,,,,,,,,,,,,,,,,,,,,,
비정상적 성적 기호,50,51,,성도착증,,,,,,,,,,,,,,,,,,,,,,
비정상적인 움직임,50,51,,뚜렛 증후군,틱 장애,,,,,,,,,,,,,,,,,,,,,
비현실감,50,51,,건강염려증,해리 장애,,,,,,,,,,,,,,,,,,,,,
빛이나 소리 공포증,50,51,,편두통,,,,,,,,,,,,,,,,,,,,,,
사고의 비약,50,51,,양극성 장애,,,,,,,,,,,,,,,,,,,,,,
사회성 부족,50,51,,반응성 애착장애,발달 장애,,,,,,,,,,,,,,,,,,,,,
사회적 고립,50,51,,자폐증 / 자폐 스펙트럼 장애,,,,,,,,,,,,,,,,,,,,,,
산만함,50,51,,반응성 애착장애,비중격 만곡,섬망,성인 주의력 결핍 과잉행동장애,인터넷 중독,주의력결핍 과잉행동장애,,,,,,,,,,,,,,,,,
삶에 대한 흥미 상실,50,51,,우울증,,,,,,,,,,,,,,,,,,,,,,
섬망,50,51,,사이트린 결핍,섬망,알츠하이머병,,,,,,,,,,,,,,,,,,,,
성격의변화,50,51,,납 중독,뇌농양,바이러스성 뇌수막염,외상성 치매 ,진행성 핵상마비,치매,,,,,,,,,,,,,,,,,
성욕감퇴,50,51,,뇌하수체 양성 및 악성 신생물,성기능장애,성선기능저하증,카르시노이드 증후군,폐경,폐경기 및 여성의 갱년기 상태,,,,,,,,,,,,,,,,,
소아기호증,50,51,,성도착증,,,,,,,,,,,,,,,,,,,,,,
수면 시작이 어려움,50,52,,수면 장애,,,,,,,,,,,,,,,,,,,,,,
수면 유지가 어려움,50,52,,수면 장애,,,,,,,,,,,,,,,,,,,,,,
수면 주기의 변화,50,52,,수면 장애,,,,,,,,,,,,,,,,,,,,,,
수면 중 보행,50,52,,수면보행증,,,,,,,,,,,,,,,,,,,,,,
수면 중 이상한 행동,50,52,,수면 장애,,,,,,,,,,,,,,,,,,,,,,
수면장애,50,52,,고산병,라임병,만성 피로 증후군,분리 불안 장애,비중격 만곡,섬망,섬유근육통,소아청소년기 우울증,스미스-마제니스 증후군 ,외상 후 스트레스 장애,우울증,조기 폐경,진행성 핵상마비,파킨슨병,폐경기 및 여성의 갱년기 상태,하지불안증후군,,,,,,,
식욕부진,50,51,,각기병,간 전이,간경화,간문부 담관암,간염,감염성 홍반,갑상선기능저하증,결핵성 골수염,결핵성 복막염,결핵성 임파선염,경화성 담관염,고나트륨혈증,고산병,골수염,괴혈병,급성 A형 간염,급성 C형 간염,급성 바이러스성 간염,급성 충수염,기쿠치병,납 중독,노쇠,뇌하수체 기능부전
식욕증가,50,51,,갑상선중독증,로하드 증후군,자가면역 질환,프라더 윌리 증후군 ,,,,,,,,,,,,,,,,,,,
애착 상대와 분리 거부,50,51,,분리 불안 장애,,,,,,,,,,,,,,,,,,,,,,
야만적 행위,50,51,,반사회성 인격장애,,,,,,,,,,,,,,,,,,,,,,
약물남용,50,51,,경계성 인격장애,반사회성 인격장애,,,,,,,,,,,,,,,,,,,,,
오후 우울감 완화,50,51,,우울증,,,,,,,,,,,,,,,,,,,,,,
와해된 언어,50,51,,분열정동 장애,조현병,,,,,,,,,,,,,,,,,,,,,
와해된 행동,50,51,,분열정동 장애,조현병,,,,,,,,,,,,,,,,,,,,,
왜곡된 신체상,50,51,,섭식 장애,,,,,,,,,,,,,,,,,,,,,,
우울,50,51,,경계성 인격장애,경미한 인지장애,금단 현상,병적 도벽,복합 부위 통증 증후군,부갑상선기능저하증,부갑상선기능항진증,브루셀라증,산후 우울증,성인 주의력 결핍 과잉행동장애,셀리악병,소아청소년기 우울증,알츠하이머병,양극성 장애,월경전 증후군,자가면역 질환,적응 장애,전신 홍반성 낭창,쿠싱 증후군,폐경기 및 여성의 갱년기 상태,피질하 경색과 백질뇌증을 동반하는 상염색체 우성 뇌동맥질환,헌팅톤 병,
우유부단함,50,51,,기분부전증,,,,,,,,,,,,,,,,,,,,,,
원한,50,51,,편집성 인격장애,,,,,,,,,,,,,,,,,,,,,,
위험한 행동 반복,50,51,,스미스-마제니스 증후군 ,행동 및 충동 장애,,,,,,,,,,,,,,,,,,,,,
의식 불명,50,51,,아나필락시스,,,,,,,,,,,,,,,,,,,,,,
의심,50,51,,강박 장애,경계성 인격장애,편집성 인격장애,,,,,,,,,,,,,,,,,,,,
이상한 소리를 냄,50,51,,뚜렛 증후군,틱 장애,,,,,,,,,,,,,,,,,,,,,
이상행동,50,51,,광우병,분열정동 장애,신경성 식욕부진증,,,,,,,,,,,,,,,,,,,,
이성의 옷을 착용함,50,51,,의상도착증,,,,,,,,,,,,,,,,,,,,,,
이인증,50,51,,해리 장애,,,,,,,,,,,,,,,,,,,,,,
인내심이 부족함,50,51,,성인 주의력 결핍 과잉행동장애,주의력결핍 과잉행동장애,,,,,,,,,,,,,,,,,,,,,
읽기 자체의 문제,50,51,,얼렌 증후군,,,,,,,,,,,,,,,,,,,,,,
읽기/쓰기 능력 부족,50,51,,난독증,,,,,,,,,,,,,,,,,,,,,,
읽으려 하지 않음,50,51,,얼렌 증후군,,,,,,,,,,,,,,,,,,,,,,
입수면기의 환각,50,51,,기면증,수면 장애,,,,,,,,,,,,,,,,,,,,,
자살의 위험,50,51,,경계성 인격장애,우울증,,,,,,,,,,,,,,,,,,,,,
자제력 상실 두려움,50,51,,섭식 장애,,,,,,,,,,,,,,,,,,,,,,
접촉도착증,50,51,,성도착증,,,,,,,,,,,,,,,,,,,,,,
정서 및 행동의 일탈,50,51,,산필리포 증후군,행동 및 충동 장애,,,,,,,,,,,,,,,,,,,,,
정서장애,50,51,,지적장애,,,,,,,,,,,,,,,,,,,,,,
정서적 둔마,50,51,,조현병,,,,,,,,,,,,,,,,,,,,,,
정신 지체,50,51,,18번 염색체 단완결실 증후군,18번 염색체 장완결실 증후군 ,Haw River 증후군,거대세포 바이러스 질환,결절성 경화증 ,광우병,누난 증후군 ,대뇌성 거인증 ,댄디워커 증후군,레트 증후군 ,루빈스타인 테이비 증후군 ,모세혈관 확장성 운동실조 증후군 ,묘성 증후군,부갑상선기능저하증,산필리포 증후군,에드워드 증후군 ,에이퍼트 증후군 ,엔젤만 증후군,자폐증 / 자폐 스펙트럼 장애,지적장애,코넬리아드랑게 증후군 ,크루존 증후군,파이퍼 증후군 
정신 혼미,50,51,,뇌염,지중해빈혈,,,,,,,,,,,,,,,,,,,,,
정체감 혼란 및 변형,50,51,,해리 장애,,,,,,,,,,,,,,,,,,,,,,
조급증,50,51,,알츠하이머병,,,,,,,,,,,,,,,,,,,,,,
조절할 수 없는 충동감,50,51,,경계성 인격장애,인터넷 중독,행동 및 충동 장애,,,,,,,,,,,,,,,,,,,,
좁은 공간에서의 불안감,50,51,,폐소공포증,,,,,,,,,,,,,,,,,,,,,,
죽음에 대한 공포,50,51,,공황 장애,,,,,,,,,,,,,,,,,,,,,,
직무 태만,50,51,,반사회성 인격장애,,,,,,,,,,,,,,,,,,,,,,
질투,50,51,,편집성 인격장애,,,,,,,,,,,,,,,,,,,,,,
초조함,50,51,,기억상실증,불안 장애,산후 우울증,섬망,소아청소년기 우울증,,,,,,,,,,,,,,,,,,
태아 뼈/근육의 기형,50,51,,양수과소증,,,,,,,,,,,,,,,,,,,,,,
태아/ 신생아의 기형,50,51,,단일 제대 동맥,태아 알코올 증후군,,,,,,,,,,,,,,,,,,,,,
태아/ 신생아의 정신 장애,50,51,,스터지 웨버 증후군,태아 알코올 증후군,,,,,,,,,,,,,,,,,,,,,
판단력장애,50,51,,경미한 인지장애,알츠하이머병,,,,,,,,,,,,,,,,,,,,,
폭식,50,51,,섭식 장애,신경성 폭식증,,,,,,,,,,,,,,,,,,,,,
피학증,50,51,,성도착증,,,,,,,,,,,,,,,,,,,,,,
피해망상,50,51,,분열정동 장애,조현병,,,,,,,,,,,,,,,,,,,,,
행동장애,50,51,,22번 염색체 장완 미세결실 증후군,발모벽,지적장애,,,,,,,,,,,,,,,,,,,,
환각,50,51,,금단 현상,라이 증후군,분열정동 장애,섬망,우울증,조현병,,,,,,,,,,,,,,,,,
환부의 분비물,50,51,,가스 괴저,각막 혼탁과 흉터,급성 중이염,눈물흘림증,만성 중이염,무른 궤양,비루관 폐쇄,삼출성 중이염,샅육아종,성병,아토피성 피부염,알레르기성 결막염,외상에 의한 고막 천공,외이도염,유방 상피내암,유방 파제트병 ,유방암,음경암,이루증,진주종,후비루,,
환시,50,51,,분열정동 장애,섬망,,,,,,,,,,,,,,,,,,,,,
환청,50,51,,금단 현상,분열정동 장애,,,,,,,,,,,,,,,,,,,,,
희망이 없는 느낌,50,51,,적응 장애,,,,,,,,,,,,,,,,,,,,,,
병원 쇼핑,50,51,,건강염려증,,,,,,,,,,,,,,,,,,,,,,
질병에 대한 공포,50,51,,건강염려증,,,,,,,,,,,,,,,,,,,,,,
충동 조절 어려움,50,51,,병적 도벽,성인 주의력 결핍 과잉행동장애,인터넷 중독,,,,,,,,,,,,,,,,,,,,
충동적 도벽,50,51,,병적 도벽,,,,,,,,,,,,,,,,,,,,,,
각막 위로 결막 침범,10,11,,익상편,,,,,,,,,,,,,,,,,,,,,,
각막 이상,10,11,,슬라이 증후군,알포트 증후군,파브리병,,,,,,,,,,,,,,,,,,,,
결막염,10,11,,라싸열,백일해,스티븐 존슨 증후군,,,,,,,,,,,,,,,,,,,,
광과민성,10,11,,얼렌 증후군,전신 홍반성 낭창,포도막염,포르피린증,,,,,,,,,,,,,,,,,,,
광시증,10,11,,당뇨망막병증,망막 박리,맥락막 흑색종,,,,,,,,,,,,,,,,,,,,
근시,10,11,,각막 부종,스티클러 증후군,,,,,,,,,,,,,,,,,,,,,
글자가 휘어져보임,10,11,,황반변성,,,,,,,,,,,,,,,,,,,,,,
눈 감을 때 번쩍거림,10,11,,비문증,,,,,,,,,,,,,,,,,,,,,,
눈 사이가 멀어보임,10,11,,18번 염색체 단완결실 증후군,22번 염색체 장완 미세결실 증후군,누난 증후군 ,바르덴부르크 증후군,양안격리증,에이퍼트 증후군 ,파이퍼 증후군 ,,,,,,,,,,,,,,,,
눈 주변 부종,10,11,,부비동염,샤가스병,신증후군,안검염,안와 골절,알레르기성 결막염,혈관부종,화농성 안구내염,,,,,,,,,,,,,,,
눈 주위 노란 반점,10,11,,안검황색종,,,,,,,,,,,,,,,,,,,,,,
눈가 및 이마 주름,10,11,,노화,노화된 얼굴,,,,,,,,,,,,,,,,,,,,,
눈꺼풀 처짐증,10,11,,18번 염색체 단완결실 증후군,노화된 얼굴,누난 증후군 ,눈꺼풀 장애,안검하수,지주막하 출혈,,,,,,,,,,,,,,,,,
눈꺼풀의 떨림,10,11,,근육긴장이상증,뇌전증,신생아 경련,,,,,,,,,,,,,,,,,,,,
눈꼽,10,11,,결막염,꽃가루 알레르기,눈물흘림증,비루관 폐쇄,출혈성 결막염,,,,,,,,,,,,,,,,,,
눈물흘림,10,11,,각막 궤양,각막염,군발성 두통 증후군,눈물흘림증,비루관 폐쇄,안검내반,안면 마비,음식 알레르기,한센병,홍채염,,,,,,,,,,,,,
눈부심,10,11,,각막 궤양,각막 혼탁과 흉터,각막염,결막염,망막 열공,백내장,베체트 병,사시,안검내반,안구 건조증,원추각막,출혈성 결막염,톡소플라즈마증,포도막염,홍채염,,,,,,,,
눈비빔,10,11,,안검내반,,,,,,,,,,,,,,,,,,,,,,
눈운동신경마비,10,11,,결핵성 수막염,사시,수두증,스핑고 지질증,잠금 증후군,,,,,,,,,,,,,,,,,,
눈의 자극감,10,11,,결막염,안검염,안구 건조증,원추각막,진균성 각막 궤양,출혈성 결막염,,,,,,,,,,,,,,,,,
눈의 충혈,10,11,,VDT 증후군,각막 궤양,각막염,결막염,꽃가루 알레르기,난시,망막 열공,맥락막 흑색종,모세혈관 확장성 운동실조 증후군 ,안검염,안암,알레르기성 결막염,얼렌 증후군,에볼라 출혈열,익상편,지카 바이러스 감염증,출혈성 결막염,측두동맥염,포도막염,풍진,홍채염,,
눈의 통증,10,11,,각막 궤양,각막 혼탁과 흉터,각막염,군발성 두통 증후군,난시,녹내장,베체트 병,설맹,시신경염,진균성 각막 궤양,출혈성 결막염,측두동맥염,톡소플라즈마증,포도막염,홍채염,화농성 안구내염,,,,,,,
눈의 피로,10,11,,VDT 증후군,각막 혼탁과 흉터,거북목 증후군,결막염,난시,노안,사시,안구 건조증,얼렌 증후군,진균성 각막 궤양,출혈성 결막염,,,,,,,,,,,,
눈이 무거운 느낌,10,11,,두통,,,,,,,,,,,,,,,,,,,,,,
대비감 감소,10,11,,원추각막,,,,,,,,,,,,,,,,,,,,,,
동공산대,10,11,,뇌사,망막아세포종,,,,,,,,,,,,,,,,,,,,,
동공이 흰빛으로 반짝임,10,11,,망막아세포종,,,,,,,,,,,,,,,,,,,,,,
망막 이상,10,11,,스티클러 증후군,알포트 증후군,,,,,,,,,,,,,,,,,,,,,
복시,10,11,,금단 현상,길랑-바레 증후군,뇌졸중,백내장,보툴리눔독소증,비인두 종양,사시,수막종,안와 골절,중증 근무력증,척추 뇌저 동맥 증후군,,,,,,,,,,,,
부유물이 보임,10,11,,비문증,,,,,,,,,,,,,,,,,,,,,,
비문증,10,11,,당뇨망막병증,망막 박리,맥락막 흑색종,유리체 출혈,포도막염,,,,,,,,,,,,,,,,,,
사물이 두개로 보임,10,11,,복시,,,,,,,,,,,,,,,,,,,,,,
사물이 찌그러져 보임,10,11,,당뇨망막병증,망막 박리,망막 전막,베스트 난황형 황반부 이영양증 ,,,,,,,,,,,,,,,,,,,
사시,10,11,,18번 염색체 단완결실 증후군,4번 염색체 단완결실 증후군,로하드 증후군,망막아세포종,사시,양안격리증,에이퍼트 증후군 ,,,,,,,,,,,,,,,,
색깔이 퇴색해보임,10,11,,색약,시신경염,조갑 이영양증,,,,,,,,,,,,,,,,,,,,
색맹,10,11,,색약,칼만 증후군,,,,,,,,,,,,,,,,,,,,,
수정체 이상,10,11,,알포트 증후군,,,,,,,,,,,,,,,,,,,,,,
시력 감소,10,11,,가성근시,각막 혼탁과 흉터,각막염,근시,넬슨 증후군,녹내장,뇌동맥 폐쇄,뇌염,뇌졸중,당뇨망막병증,말단비대증,망막 전막,망막 정맥 폐쇄,망막 출혈,망막색소변성증,망막아세포종,맥락막 흑색종,모야모야병,백내장,베체트 병,부신백질이영양증,사시,선천성 눈 기형
시신경염,10,11,,다발성 경화증,,,,,,,,,,,,,,,,,,,,,,
시야장애,10,11,,각막 부종,결핵성 수막염,노안,뇌경색,뇌동맥 폐쇄,뇌졸중,뇌하수체 양성 및 악성 신생물,눈물흘림증,당뇨망막병증,당뇨병,망막 박리,망막 열공,망막 정맥 폐쇄,망막 출혈,베스트 난황형 황반부 이영양증 ,보툴리눔독소증,부신백질이영양증,비문증,선천성 눈 기형,수정체 탈구,시신경염,안구 건조증,안면인식장애
실명,10,11,,부신백질이영양증,황반천공,,,,,,,,,,,,,,,,,,,,,
아래 눈꺼풀이 불룩함,10,11,,노화된 얼굴,,,,,,,,,,,,,,,,,,,,,,
안검내반,10,11,,안검염,,,,,,,,,,,,,,,,,,,,,,
안검하수,10,11,,근육병,보툴리눔독소증,중증 근무력증,,,,,,,,,,,,,,,,,,,,
안구 이상,10,11,,안와 골절,잠금 증후군,진행성 핵상마비,,,,,,,,,,,,,,,,,,,,
안구건조,10,11,,쇼그렌 증후군,스티븐 존슨 증후군,,,,,,,,,,,,,,,,,,,,,
안구내 출혈,10,11,,뇌동맥류,렙토스피라증,,,,,,,,,,,,,,,,,,,,,
안구돌출,10,11,,갑상선기능항진증,갑상선중독증,두개 유합증,스터지 웨버 증후군,크루존 증후군,파이퍼 증후군 ,,,,,,,,,,,,,,,,,
안구증대,10,11,,망막아세포종,,,,,,,,,,,,,,,,,,,,,,
안구진탕,10,11,,다발성 경화증,베르니케 코시코프 증후군,이석증,저마그네슘혈증,,,,,,,,,,,,,,,,,,,
안구혼탁,10,11,,각막 혼탁과 흉터,각막염,라임병,백내장,설맹,한센병,,,,,,,,,,,,,,,,,
암점,10,11,,녹내장,중심장액성 맥락망막병증,,,,,,,,,,,,,,,,,,,,,
앞이 뿌옇게 보임,10,11,,수정체 탈구,포도막염,,,,,,,,,,,,,,,,,,,,,
야맹,10,11,,망막색소변성증,설맹,야맹증,,,,,,,,,,,,,,,,,,,,
약시,10,11,,안검하수,,,,,,,,,,,,,,,,,,,,,,
유두부종,30,35,,수두증,,,,,,,,,,,,,,,,,,,,,,
주변시야손상,10,11,,녹내장,,,,,,,,,,,,,,,,,,,,,,
중심시력감소,10,11,,녹내장,베스트 난황형 황반부 이영양증 ,,,,,,,,,,,,,,,,,,,,,
증상의 일중변동,10,11,,사시,,,,,,,,,,,,,,,,,,,,,,
침침함,10,11,,인슐린 비의존성 당뇨병,,,,,,,,,,,,,,,,,,,,,,
터널시야,10,11,,망막색소변성증,,,,,,,,,,,,,,,,,,,,,,
홍채가 흔들거림,10,11,,수정체 탈구,,,,,,,,,,,,,,,,,,,,,,
황반부종,10,11,,당뇨망막병증,,,,,,,,,,,,,,,,,,,,,,
관절 불안정증,20,25,,반월판 연골손상,십자 인대 손상,엘러스-단로스 증후군 ,염좌,,,,,,,,,,,,,,,,,,,
관절염,20,25,,베게너 육아종증,봉와직염,비만,쇼그렌 증후군,자가면역성 간염,전신 경화증,전신 홍반성 낭창,크론병,통풍성 관절염,패혈성 관절염,한랭글로불린혈증,,,,,,,,,,,,
다리 통증,20,25,,길랑-바레 증후군,오스굿씨 병,외반슬,요추 추간판 탈출증,자궁경부암,좌골신경통,퇴행성 척추 장애,하지불안증후군,,,,,,,,,,,,,,,
다리가 잘 안 벌어짐,20,25,,고관절 이형성증,,,,,,,,,,,,,,,,,,,,,,
다리변형,20,25,,경골과 비골 골절,골절 후 부정 유합/ 불유합,구루병,대퇴 골절,,,,,,,,,,,,,,,,,,,
다리의 길이가 틀림,20,25,,고관절 이형성증,대퇴 골절,,,,,,,,,,,,,,,,,,,,,
무릎 부위 부종,20,25,,골관절염,무릎관절증,반달연골 이상,반월판 연골손상,베이커 낭종,슬개골 골절,슬관절 장애,십자 인대 손상,오스굿씨 병,원판형 반월상연골,,,,,,,,,,,,,
무릎 부위 통증,20,25,,골관절염,무릎관절증,반달연골 이상,반월판 연골손상,베이커 낭종,베체트 병,슬개골 골절,슬관절 장애,십자 인대 손상,연골연화증,오스굿씨 병,원판형 반월상연골,통풍,,,,,,,,,,
반신마비,20,25,,경동맥 협착증,뇌경색,뇌졸중,다발성 경화증,외상성 경막하 출혈,지주막하 출혈,,,,,,,,,,,,,,,,,
보행이상,20,25,,근감소증,노쇠,노인성 척추후만증,뇌성 마비,다발성 경화증,모세혈관 확장성 운동실조 증후군 ,베르니케 코시코프 증후군,변형성 고관절증,보행 운동 장애,비정형 파킨슨 증후군,외반슬,요근 농양,요족,요추 전방전위증,진행성 핵상마비,척수근육위축,척수병증,척수소뇌성 운동실조증 ,척수수막류,파킨슨병,후종인대 골화증,,
뻣뻣함,20,25,,관절염,소아 류마티스 관절염,,,,,,,,,,,,,,,,,,,,,
양무릎사이 벌어짐,20,25,,내반슬,,,,,,,,,,,,,,,,,,,,,,
양반다리로 앉기힘듬,20,25,,대퇴골두 무혈관성 괴사,,,,,,,,,,,,,,,,,,,,,,
오리걸음,20,25,,고관절 이형성증,내반슬,,,,,,,,,,,,,,,,,,,,,
종아리 근육의 비대,20,25,,근육병,,,,,,,,,,,,,,,,,,,,,,
파열음,20,25,,십자 인대 손상,아킬레스 건 파열,,,,,,,,,,,,,,,,,,,,,
파행,20,25,,요추 전방전위증,요추관 협착증,운동신경 질환,일과성 뇌허혈증,,,,,,,,,,,,,,,,,,,
하지 마비,20,25,,신경초종,요추 추간판 탈출증,척수공동증,척수병증,척수수막류,후종인대 골화증,,,,,,,,,,,,,,,,,
하지부종,20,25,,경골과 비골 골절,무지외반증,방광암,신경모세포종,신증후군,폐기종,하지 정맥류,혈뇨,,,,,,,,,,,,,,,
하지의 근력약화,20,25,,근감소증,노쇠,대동맥 협착증,베커형 근이영양증,요추관 협착증,척수근육위축,횡단성 척수염,,,,,,,,,,,,,,,,
O자 다리,20,25,,구루병,내반슬,연골무형성증,,,,,,,,,,,,,,,,,,,,
X자 다리,20,25,,외반슬,,,,,,,,,,,,,,,,,,,,,,
뼈의 기형,20,25,,구루병,,,,,,,,,,,,,,,,,,,,,,
관절잡음,20,25,,무릎관절증,반월판 연골손상,방아쇠 수지,슬개건염,십자 인대 손상,원판형 반월상연골,턱관절 장애,,,,,,,,,,,,,,,,
굽은 등,30,36,,VDT 증후군,구루병,노인성 척추후만증,척수수막류,척추측만증,,,,,,,,,,,,,,,,,,
요통,30,36,,강직성 척추염,급성 간질성 신염,급성 신우신염,난소암,난소의 양성 종양,노인성 척추후만증,대동맥 박리,복부 대동맥류,복압성 요실금,섬유근육통,소장암,신경근병증,신우요관암,요근 농양,요족,요추 전방전위증,요추 추간판 탈출증,요추관 협착증,원발성 월경곤란,월경전 증후군,자궁 상피 내 암종,자궁경부암,자궁내막증
척추 측만,30,36,,22번 염색체 장완 미세결실 증후군,근육병,스티클러 증후군,신경섬유종,연골무형성증,,,,,,,,,,,,,,,,,,
척추 후만,30,36,,골다공증,스티클러 증후군,슬라이 증후군,연골무형성증,,,,,,,,,,,,,,,,,,,
척추와 허리 디스크,30,36,,무지외반증,,,,,,,,,,,,,,,,,,,,,,
자세이상,30,36,,비정형 파킨슨 증후군,요추 전방전위증,척수수막류,파킨슨병,,,,,,,,,,,,,,,,,,,
간성뇌증,10,17,,간염,사이트린 결핍,알코올성 간질환,윌슨병,전격성 간염,,,,,,,,,,,,,,,,,,
강박증,50,51,,인터넷 중독,,,,,,,,,,,,,,,,,,,,,,
건망증,50,51,,기억상실증,성인 주의력 결핍 과잉행동장애,저체온증,치매,크로이츠펠트-야콥병,폐경,,,,,,,,,,,,,,,,,
광대뼈 위치 이상,10,15,,두개 유합증,안면 비대칭,,,,,,,,,,,,,,,,,,,,,
기민상태,50,51,,라이 증후군,신생아 괴사성 장염,신생아 다혈구증,,,,,,,,,,,,,,,,,,,,
기억장애,50,51,,거대적혈모구빈혈,경미한 인지장애,광우병,기억상실증,노쇠,만성 피로 증후군,베르니케 코시코프 증후군,비중격 만곡,쇼그렌 증후군,수두증,아밀로이드증,악성 신경교종,알츠하이머병,외상성 치매 ,외상에 의한 뇌 손상,자가면역 질환,잠금 증후군,점액수종 혼수,진주종,치매,해리 장애,,
깨어나면 기억하지 못함,50,51,,수면보행증,,,,,,,,,,,,,,,,,,,,,,
낮 시간대의 졸음,50,51,,기면증,수면 장애,원충성 질환,춘곤증,,,,,,,,,,,,,,,,,,,
낮은 지능,10,17,,니만-피크병,반응성 애착장애,행동 및 충동 장애,,,,,,,,,,,,,,,,,,,,
놀람반사의 약화,10,17,,신생아 황달,,,,,,,,,,,,,,,,,,,,,,
뇌부종,10,17,,전격성 간염,,,,,,,,,,,,,,,,,,,,,,
뇌수종,10,17,,척수수막류,,,,,,,,,,,,,,,,,,,,,,
뇌압상승증상,10,17,,두통,생식선 및 생식 세포의 신생물,잠금 증후군,,,,,,,,,,,,,,,,,,,,
뇌염증상,10,17,,광견병,라싸열,,,,,,,,,,,,,,,,,,,,,
뇌출혈,10,15,,뇌 동정맥 기형,면역혈소판감소증,,,,,,,,,,,,,,,,,,,,,
두통,10,17,,VDT 증후군,간염,감염성 홍반,결핵성 수막염,고산병,고혈압 ,골수염,광견병,교모세포종,근단 주위 농양,근시,근육 긴장성 두통,금단 현상,급성 신우신염,급성 위장염,급성 중이염,기뇌증,난시,납 중독,넬슨 증후군,노로바이러스 장염,노안,녹내장
두피 건조,10,18,,비듬,,,,,,,,,,,,,,,,,,,,,,
만성 부비동염,10,18,,아데노이드의 비대를 동반한 편도의 비대,,,,,,,,,,,,,,,,,,,,,,
머리모양 변형,10,18,,댄디워커 증후군,두개 안면 부조화,두개 유합증,,,,,,,,,,,,,,,,,,,,
모발 탈색,10,18,,바르덴부르크 증후군,백반증,선천성 색소결핍증,조로증,,,,,,,,,,,,,,,,,,,
모발이 가늘어짐,10,18,,탈모증,,,,,,,,,,,,,,,,,,,,,,
무균성 뇌막염,10,18,,소아마비,,,,,,,,,,,,,,,,,,,,,,
무의식,10,17,,뇌사,혼수,,,,,,,,,,,,,,,,,,,,,
박동성 통증,10,17,,뇌 동정맥 기형,두통,편두통,,,,,,,,,,,,,,,,,,,,
방향감각 상실,50,51,,뇌염,알츠하이머병,크로이츠펠트-야콥병,,,,,,,,,,,,,,,,,,,,
볼/ 눈주위 움푹 꺼짐,10,15,,노화된 얼굴,,,,,,,,,,,,,,,,,,,,,,
볼이 처짐,10,15,,노화된 얼굴,,,,,,,,,,,,,,,,,,,,,,
비웃는 듯한 표정,10,15,,파상풍,,,,,,,,,,,,,,,,,,,,,,
삐뚤어진 눈/ 코/ 입,10,15,,안면 비대칭,,,,,,,,,,,,,,,,,,,,,,
실인증,50,51,,알츠하이머병,,,,,,,,,,,,,,,,,,,,,,
실행증,50,51,,부신백질이영양증,스핑고 지질증,알츠하이머병,,,,,,,,,,,,,,,,,,,,
안면 변형,10,51,,다운 증후군 ,무치아증,선천성 사경 ,에드워드 증후군 ,크루존 증후군,,,,,,,,,,,,,,,,,,
안면마비,10,51,,길랑-바레 증후군,모야모야병,신경초종,안면 마비,일과성 뇌허혈증,타액선암,,,,,,,,,,,,,,,,,
안면부 출혈,10,51,,안면 골절,,,,,,,,,,,,,,,,,,,,,,
안면홍조,10,51,,감염성 홍반,골수증식종양,성선기능저하증,소장암,신경모세포종,신생아 다혈구증,조기 폐경,카르시노이드 증후군,폐경,폐경기 및 여성의 갱년기 상태,,,,,,,,,,,,,
언어장애,50,51,,경동맥 협착증,경미한 인지장애,근위축성 측색 경화증,근육긴장이상증,기뇌증,뇌경색,뇌동맥 폐쇄,뇌졸중,단순 포진성 뇌염,두개 안면 부조화,루빈스타인 테이비 증후군 ,모야모야병,섬망,수막종,실어증,알츠하이머병,외상성 치매 ,일과성 뇌허혈증,자폐증 / 자폐 스펙트럼 장애,잠금 증후군,지적장애,치매,파이퍼 증후군 
얼굴 한쪽의 반점,10,15,,오타 모반,,,,,,,,,,,,,,,,,,,,,,
얼굴모양변화,10,15,,4번 염색체 단완결실 증후군,조로증,지중해빈혈,치열 궁 관계 이상,턱뼈 성장 이상,,,,,,,,,,,,,,,,,,
얼굴부종,10,15,,뇌하수체 기능 항진,라싸열,신경모세포종,신부전,안와 골절,침샘염,혈관부종,,,,,,,,,,,,,,,,
얼굴에 털이 자람,10,15,,부신 종양,,,,,,,,,,,,,,,,,,,,,,
얼굴의 나비모양 홍반,10,15,,전신 홍반성 낭창,,,,,,,,,,,,,,,,,,,,,,
얼굴이 화끈거림,10,15,,공황 장애,불안 장애,신체형 장애,,,,,,,,,,,,,,,,,,,,
얼굴형태의 이상,10,15,,18번 염색체 단완결실 증후군,18번 염색체 장완결실 증후군 ,22번 염색체 장완 미세결실 증후군,골형성부전증,구개열,구순열,대뇌성 거인증 ,러셀 실버 증후군 ,루빈스타인 테이비 증후군 ,스미스-마제니스 증후군 ,스티클러 증후군,슬라이 증후군,윌리암스 증후군 ,터너 증후군 ,트리처 콜린스 증후군 ,파이퍼 증후군 ,파타우 증후군,,,,,,
운동 실어증,50,51,,뇌동맥 폐쇄,,,,,,,,,,,,,,,,,,,,,,
원형/ 타원형의 탈모,10,18,,고환 여성화 증후군,탈모증,,,,,,,,,,,,,,,,,,,,,
의식 변화,50,51,,거대적혈모구빈혈,고산병,고칼슘혈증,과호흡 증후군,뇌경색,뇌동맥류,뇌출혈,단순 포진성 뇌염,베르니케 코시코프 증후군,심장신경성 실신,열사병,외상에 의한 뇌 손상,원발성 중추신경계 림프종,이물질에 의한 기도 막힘,익수,일본 뇌염,자발성 두개강 내 출혈,저나트륨혈증,저마그네슘혈증,척수병증,호흡성 산증,화상,
의식 저하,50,51,,뇌동맥 폐쇄,뇌염,뇌전증,뇌출혈,당뇨병성 케톤산증 ,댄디워커 증후군,부신 기능부전,성인 호흡곤란 증후군,시트룰닌혈증,요독증,요붕증,음식 알레르기,일산화탄소 중독,저체온증,저혈당증,점액수종 혼수,지주막하 출혈,파종혈관내응고,패혈증,,,,
이마가 넓어짐,10,15,,탈모증,,,,,,,,,,,,,,,,,,,,,,
이마의 주름,10,15,,노화,안검하수,,,,,,,,,,,,,,,,,,,,,
이중턱,10,15,,노화된 얼굴,,,,,,,,,,,,,,,,,,,,,,
인지장애,50,51,,간성 뇌증,거스트만 증후군,과호흡 증후군,뇌성 마비,다발성 경화증,레트 증후군 ,루빈스타인 테이비 증후군 ,스미스-마제니스 증후군 ,안면인식장애,외상성 치매 ,잠금 증후군,진행성 핵상마비,크로이츠펠트-야콥병,혈관성 치매,,,,,,,,,
졸림,50,51,,결핵성 수막염,,,,,,,,,,,,,,,,,,,,,,
지남력 장애,50,51,,거스트만 증후군,대사성 알칼리증,베르니케 코시코프 증후군,사이트린 결핍,치매,호흡성 산증,,,,,,,,,,,,,,,,,
치매,50,51,,광우병,아밀로이드증,진행성 핵상마비,피질하 경색과 백질뇌증을 동반하는 상염색체 우성 뇌동맥질환,,,,,,,,,,,,,,,,,,,
코 옆과 입꼬리 주름,10,15,,노화,노화된 얼굴,,,,,,,,,,,,,,,,,,,,,
턱의 통증,10,17,,구강암,타석증,타액선암,턱관절 장애,턱뼈 성장 이상,,,,,,,,,,,,,,,,,,
편두통,10,15,,뇌 동정맥 기형,섬유근육통,측두동맥염,피질하 경색과 백질뇌증을 동반하는 상염색체 우성 뇌동맥질환,,,,,,,,,,,,,,,,,,,
하악전돌,10,15,,턱관절 탈구,,,,,,,,,,,,,,,,,,,,,,
학습장애,50,51,,거스트만 증후군,모야모야병,발달 장애,스핑고 지질증,윌리암스 증후군 ,,,,,,,,,,,,,,,,,,
혼돈,50,51,,간성 뇌증,간신 증후군,베르니케 코시코프 증후군,분만 후 출혈,섬망,쇼그렌 증후군,치매,,,,,,,,,,,,,,,,
혼수,50,51,,간성 뇌증,결핵성 수막염,광견병,뇌동맥 폐쇄,라이 증후군,만성 신부전,말기 신질환,바이러스성 뇌수막염,박테리아성 뇌수막염,외상성 경막하 출혈,외상에 의한 뇌 손상,일본 뇌염,지주막하 출혈,,,,,,,,,,
갑상선 비대,10,16,,갑상선 결절,갑상선염,갑상선중독증,,,,,,,,,,,,,,,,,,,,
갑상선이 단단해짐,10,16,,갑상선 결절,갑상선암,갑상선염,,,,,,,,,,,,,,,,,,,,
경부 강직,10,16,,뇌염,바이러스성 뇌수막염,박테리아성 뇌수막염,지주막하 출혈,효모균증,,,,,,,,,,,,,,,,,,
경부 림프절병증,10,16,,가와사키병,기쿠치병,만성림프구백혈병,면역결핍증,타액선암,털진드기병,호지킨 림프종,후두암,,,,,,,,,,,,,,,
경부 운동 제한,10,16,,루드비히 안자이나 ,,,,,,,,,,,,,,,,,,,,,,
경정맥 확장,10,16,,복수,상대정맥 증후군,심낭 압전,,,,,,,,,,,,,,,,,,,,
고음에서의 분열,10,16,,성대와 후두 결절,성대와 후두 용종,,,,,,,,,,,,,,,,,,,,,
남성스러운 목소리,10,16,,부신 종양,선천성 부신과다 형성증,,,,,,,,,,,,,,,,,,,,,
목 뒷부분의 지방축적,10,16,,쿠싱 증후군,,,,,,,,,,,,,,,,,,,,,,
목 주변 부종,10,16,,갑상선 유두암,갑상설관 낭종,결핵성 임파선염,루드비히 안자이나 ,비인두 종양,유행성 이하선염,침샘염,타액선암,혈관부종,흉부 대동맥류,,,,,,,,,,,,,
목소리 변화,10,16,,갑상선 미분화암,갑상선 수질암,갑상선 여포암,갑상선 유두암,갑상선기능저하증,골형성부전증,구강암,부갑상선암,성대와 후두 용종,식도암,심낭 삼출 ,악성 중피종,양성 종격동 종양,위식도 역류성 질환,인후두염,타액선암,폐암,후두개염,후두암,,,,
목의 이물감,10,16,,갑상선 미분화암,갑상선 수질암,갑상선 여포암,갑상설관 낭종,바렛 식도,불안 장애,비중격 만곡,소화관의 이물,식도의 이물,인후두염,편도암,후두암,후비루,,,,,,,,,,
목의 통증,10,16,,감염성 단핵구증,갑상선염,갑상설관 낭종,거북목 증후군,결핵성 임파선염,경추 추간판 탈출증,구강암,디프테리아,레지오넬라증,부비동염,상기도 감염,새열 낭종,섬유근육통,신경근병증,신종 플루,인플루엔자,인후두염,조류 인플루엔자 인체감염증,척추 종양,코로나-19,큐열,타액선암,편도결석
사경,10,16,,근육긴장이상증,망막아세포종,선천성 사경 ,,,,,,,,,,,,,,,,,,,,
삼키기 곤란,10,16,,감염성 단핵구증,갑상선 결절,갑상선 미분화암,갑상선 수질암,갑상선 여포암,갑상선암,구강암,근위축성 측색 경화증,근육긴장이상증,근육병,길랑-바레 증후군,낭포성 히그로마,뇌졸중,모세혈관 확장성 운동실조 증후군 ,바렛 식도,보툴리눔독소증,부신백질이영양증,상대정맥 증후군,새열 낭종,소화관의 이물,식도암,식도염,식도의 이물
성대 이상,10,16,,흉부 대동맥류,,,,,,,,,,,,,,,,,,,,,,
성대마비,10,16,,갑상선암,,,,,,,,,,,,,,,,,,,,,,
음성피로,10,16,,성대와 후두 결절,성대와 후두 용종,,,,,,,,,,,,,,,,,,,,,
이중음성,10,16,,성대와 후두 결절,성대와 후두 용종,,,,,,,,,,,,,,,,,,,,,
잦은 상기도 감염,10,16,,22번 염색체 장완 미세결실 증후군,심방 중격 결손,재생불량빈혈,전폐정맥연결 이상,,,,,,,,,,,,,,,,,,,
지속적인 애성,10,16,,성대와 후두 결절,성대와 후두 용종,,,,,,,,,,,,,,,,,,,,,
편도선 비대,10,16,,성홍열,파라인플루엔자 감염증,편도선염,,,,,,,,,,,,,,,,,,,,
이물감,10,16,,고막염,안검염,자궁 육종,,,,,,,,,,,,,,,,,,,,
갈퀴족지,20,23,,요족,,,,,,,,,,,,,,,,,,,,,,
굳은 살,20,23,,망치족지,소건막류,,,,,,,,,,,,,,,,,,,,,
발 굴곡 운동의 제한,20,23,,건 손상,,,,,,,,,,,,,,,,,,,,,,
발 안쪽 아치의 소실,20,23,,선천성 편평발,,,,,,,,,,,,,,,,,,,,,,
발가락의 변형,20,23,,당뇨병성 족부 질환,망치족지,,,,,,,,,,,,,,,,,,,,,
발끝으로 설 수 없음,20,23,,건 손상,아킬레스 건 파열,,,,,,,,,,,,,,,,,,,,,
발의 통증,20,23,,망치족지,무지외반증,소건막류,아킬레스 건 파열,아킬레스 건염,염좌,요족,족저 근막염,지간 신경종,통풍,,,,,,,,,,,,,
발이 안쪽을 향해 걸음,20,23,,내반슬,,,,,,,,,,,,,,,,,,,,,,
신발 안쪽이 주로 닳음,20,23,,선천성 편평발,,,,,,,,,,,,,,,,,,,,,,
안쪽 발이 튀어 나옴,20,23,,선천성 편평발,,,,,,,,,,,,,,,,,,,,,,
엄지 발가락의 돌출,20,23,,무지외반증,,,,,,,,,,,,,,,,,,,,,,
염좌,20,23,,선천성 편평발,,,,,,,,,,,,,,,,,,,,,,
가슴 쓰림,30,34,,바렛 식도,소화불량,신체형 장애,십이지장 궤양,십이지장염,오래된 심근경색증,위궤양,위식도 역류성 질환,협심증,,,,,,,,,,,,,,
간기능 저하,30,37,,윌슨병,,,,,,,,,,,,,,,,,,,,,,
간부전,30,37,,Rh 부적합 임신,간염,렙토스피라증,윌슨병,카르니틴 팔미토일 전환효소 결핍증 2형,,,,,,,,,,,,,,,,,,
간비대,30,37,,Rh 부적합 임신,간농양,간디스토마,급성림프모구백혈병,니만-피크병,만성골수백혈병,만성림프구백혈병,발작성야간혈색뇨,백혈병,버드 키아리 신드롬,베크위트-위드만 증후군,산필리포 증후군,선천성 담관 폐쇄증,소적혈구빈혈,슬라이 증후군,신생아 답즙정체증,아밀로이드증,온전한 심실 중격을 가진 폐동맥 폐쇄,용혈성 요독 증후군,원발성 담즙성 경화증,유전구형적혈구증,자가면역용혈질환,지중해빈혈
공복감,30,37,,저혈당증,,,,,,,,,,,,,,,,,,,,,,
구토,30,34,,간농양,간염,간의 양성 신생물,고마그네슘혈증,고산병,고칼륨혈증,고칼슘혈증,고환의 염전,광견병,교모세포종,급성 A형 간염,급성 B형 간염,급성 담낭염,급성 바이러스성 간염,급성 신부전,급성 신우신염,급성 심근경색증,급성 위장염,급성 충수염,급성 췌장염,납 중독,노로바이러스 장염,뇌농양
급성 신부전,30,38,,선천성 심장 질환,전격성 간염,중동 호흡기 증후군,,,,,,,,,,,,,,,,,,,,
농신증,30,38,,선천성 수신증,,,,,,,,,,,,,,,,,,,,,,
담도감염,30,37,,간디스토마,,,,,,,,,,,,,,,,,,,,,,
담석,30,37,,용혈빈혈,,,,,,,,,,,,,,,,,,,,,,
만성 신부전,30,37,,만성 신부전,알포트 증후군,,,,,,,,,,,,,,,,,,,,,
문맥성고혈압,30,37,,문맥색전증,버드 키아리 신드롬,,,,,,,,,,,,,,,,,,,,,
배꼽의 고름 및 피,30,33,,배꼽염,,,,,,,,,,,,,,,,,,,,,,
배꼽이 솟음,30,33,,제대 탈장,,,,,,,,,,,,,,,,,,,,,,
복벽이 움푹 들어감,30,33,,횡격막 탈장,,,,,,,,,,,,,,,,,,,,,,
복부 불편감,30,33,,간 혈관종,간경화,간염,급성 C형 간염,냉방병,노로바이러스 장염,만성 C형 간염,만성 담낭염,부신암,불안 장애,섬유근육통,소장암,위암,위염,유당분해효소결핍증,장간막 동맥 혈전증,장간막 정맥 혈전증,조기 위암,지방간,진행성 위암,총담관 낭,,
복부 압박 증상,30,33,,간의 양성 신생물,난소 낭종,만성 위염,자궁 탈출증,조산,,,,,,,,,,,,,,,,,,
복부 통증,30,33,,가와사키병,간 전이,간내 담석,간농양,간디스토마,간세포성 암종,간의 양성 신생물,간이식 후 상태,간질성 방광염,게실 질환,결핵성 복막염,경화성 담관염,계류 유산,골반 염증성 질환,과립막 세포종,과호흡 증후군,궤양성 대장염,급성 A형 간염,급성 담낭염,급성 류마티스성 열,급성 바이러스성 간염,급성 위장염,급성 충수염
복부경련,30,33,,대사성 산증,복막염,자궁경관무력증,장출혈성 대장균 감염증,조산,혈관부종,,,,,,,,,,,,,,,,,
복부비만,30,33,,뇌하수체 기능부전,대사 증후군,부신암,성장호르몬 결핍증,쿠싱 증후군,프라더 윌리 증후군 ,,,,,,,,,,,,,,,,,
복부의 박동감,30,33,,복부 대동맥류,,,,,,,,,,,,,,,,,,,,,,
복부팽만감,30,33,,간의 양성 신생물,게실 질환,결핵성 복막염,과호흡 증후군,급성 위장염,급성 췌장염,기능성 위장 장애,난소의 양성 종양,납 중독,덤핑 증후군,만성 위염,무월경,반흔 탈장,변비,복막염,복부 대동맥류,부신암,선천성 거대결장증,선천성 소장 결손/ 폐쇄 및 협착,소장암,신경모세포종,신생아 괴사성 장염,신장의 신생물
복수,30,33,,Rh 부적합 임신,간경화,간염,결핵성 복막염,과립막 세포종,난소암,랑거한스세포 조직구증식증,만성 신부전,문맥색전증,버드 키아리 신드롬,선천성 담관 폐쇄증,신생아 답즙정체증,심근병증,알코올성 간질환,온전한 심실 중격을 가진 폐동맥 폐쇄,용혈성 요독 증후군,원발부위 불명암,,,,,,
분출성 구토,30,34,,영아 비대성 유문협착증,,,,,,,,,,,,,,,,,,,,,,
비장비대,30,38,,Rh 부적합 임신,골수증식종양,급성림프모구백혈병,니만-피크병,만성골수백혈병,만성림프구백혈병,발작성야간혈색뇨,백혈병,베크위트-위드만 증후군,산필리포 증후군,선천성 담관 폐쇄증,소적혈구빈혈,슬라이 증후군,신생아 답즙정체증,아밀로이드증,용혈빈혈,유전구형적혈구증,자가면역용혈질환,지중해빈혈,,,,
소화불량,30,33,,간내 담석,간디스토마,기능성 위장 장애,냉방병,담석,대장암,만성 C형 간염,만성 위염,식도의 평활근종,십이지장 궤양,십이지장염,양수과다증,위 유암종,위궤양,위암,위용종,자가면역 질환,장유착,전신 경화증,조기 위암,진행성 위암,춘곤증,헬리코박터균 감염
손가락으로 밀면 들어감,30,34,,제대 탈장,,,,,,,,,,,,,,,,,,,,,,
식후 불쾌감,30,34,,소화불량,,,,,,,,,,,,,,,,,,,,,,
십이지장궤양,30,34,,헬리코박터균 감염,,,,,,,,,,,,,,,,,,,,,,
아랫배가 뭉침,30,33,,조기 진통,,,,,,,,,,,,,,,,,,,,,,
야뇨증,40,43,,야뇨증,울혈성 심부전,,,,,,,,,,,,,,,,,,,,,
양수의 감소,40,41,,쌍태아 수혈 증후군,자궁 내 성장 지연,,,,,,,,,,,,,,,,,,,,,
옆구리 통증,30,33,,낭성 신장 질환,맹장염,면역글로불린 A 신병증,방광암,신세포암종,신우요관 폐색,신우요관암,신장 결석,요관 결석,요관 협착,요로 감염,요로결석,혈뇨,,,,,,,,,,
오심,30,34,,간 혈관종,간경화,간농양,간염,간의 양성 신생물,결핵성 복막염,고나트륨혈증,고마그네슘혈증,고칼륨혈증,고칼슘혈증,고환의 염전,공황 장애,교모세포종,급성 A형 간염,급성 B형 간염,급성 관동맥 증후군,급성 담낭염,급성 바이러스성 간염,급성 신부전,급성 신우신염,급성 심근경색증,급성 충수염,급성 췌장염
위궤양,30,34,,헬리코박터균 감염,,,,,,,,,,,,,,,,,,,,,,
위염,30,34,,위염,헬리코박터균 감염,,,,,,,,,,,,,,,,,,,,,
위의 연동운동이 보임,30,34,,영아 비대성 유문협착증,,,,,,,,,,,,,,,,,,,,,,
위장관 출혈,30,34,,게실 질환,말로리-바이스 증후군,면역혈소판감소증,반티 증후군,소장암,식도의 평활근종,십이지장 궤양,아밀로이드증,알코올성 간질환,위 유암종,위궤양,위말트 림프종 ,위용종,자가면역성 간염,장간막 정맥 혈전증,진행성 위암,혈관염,,,,,,
위장관의 허혈,30,34,,대동맥궁 단절,,,,,,,,,,,,,,,,,,,,,,
임신 오조증,40,41,,포상기태,,,,,,,,,,,,,,,,,,,,,,
잔변감,30,39,,대장암,변비,아메바성 이질,항문 및 직장의 궤양,,,,,,,,,,,,,,,,,,,
장마비,30,39,,외상에 의한 척수 손상,,,,,,,,,,,,,,,,,,,,,,
장폐색,30,39,,대사성 알칼리증,대장 용종,메켈 게실,보툴리눔독소증,소장암,십이지장 궤양,장염전,장폐색,,,,,,,,,,,,,,,
초록색 구토,30,34,,선천성 소장 결손/ 폐쇄 및 협착,,,,,,,,,,,,,,,,,,,,,,
탈장,30,39,,XYY 증후군,반흔 탈장,베크위트-위드만 증후군,복수,에드워드 증후군 ,윌리암스 증후군 ,재발성 탈장,제대 탈장,횡격막 탈장,,,,,,,,,,,,,,
탈장 돌출,30,39,,반흔 탈장,재발성 탈장,제대 탈장,,,,,,,,,,,,,,,,,,,,
탈장 부위의 통증,30,39,,반흔 탈장,재발성 탈장,제대 탈장,,,,,,,,,,,,,,,,,,,,
토혈,30,34,,만성 위염,말로리-바이스 증후군,바렛 식도,식도 정맥류,식도암,식도염,식도의 평활근종,십이지장 궤양,위 정맥류,위궤양,위암,위장관 기질 종양,위장관 출혈,조기 위암,진행성 위암,,,,,,,,
트림,30,34,,기능성 위장 장애,소화불량,식도이완불능증,십이지장염,,,,,,,,,,,,,,,,,,,
포만감,30,34,,간 혈관종,소화불량,,,,,,,,,,,,,,,,,,,,,
헛배,30,33,,대동맥 박리,,,,,,,,,,,,,,,,,,,,,,
흡수장애,30,34,,소장의 혈관 장애,,,,,,,,,,,,,,,,,,,,,,
덩어리가 만져짐,30,33,,간세포성 암종,갑상선 유두암,갑상선암,결절종,골육종,과립막 세포종,구강암,난소암,듀피트렌 구축,린치 증후군,림프관종,림프종,방광암,버킷 림프종,부갑상선암,비호지킨 림프종,뼈의 신생물,생식선 및 생식 세포의 신생물,수신증,연부조직 육종,요근 농양,위장관 기질 종양,윌름즈 종양
압통,30,33,,간농양,감염성 근육염,감염성 단핵구증,결핵성 복막염,경부 림프절염,관절염,근근막 통증 증후군,근육 긴장성 두통,두통,맹장염,봉와직염,비루관 폐쇄,석회성 건염,스티븐 존슨 증후군,슬개건염,슬개골 골절,오스굿씨 병,융모양막염,조갑주위염,족저 근막염,췌장염,표피낭종,한선염
고환 불쾌감,40,45,,고환 종양,,,,,,,,,,,,,,,,,,,,,,
고환 위축,40,45,,척수구근 근위축증 ,,,,,,,,,,,,,,,,,,,,,,
고환에 낭이 만져짐,40,45,,고환 종양,음낭수종,,,,,,,,,,,,,,,,,,,,,
귀두가 울혈됨,40,45,,감돈포경,고관절 이형성증,,,,,,,,,,,,,,,,,,,,,
무월경,40,42,,갑상선기능항진증,고환 여성화 증후군,과립막 세포종,넬슨 증후군,뇌하수체 기능 항진,다낭성 난소 증후군,모호한 생식기,무월경,섭식 장애,성선기능저하증,신경성 식욕부진증,안드로겐 불감성 증후군 ,윌슨병,자궁 발육부전,자궁내막암,,,,,,,,
미소음경,40,45,,모호한 생식기,,,,,,,,,,,,,,,,,,,,,,
발기부전,40,45,,레리시 증후군,성선기능저하증,수면 무호흡증,카르시노이드 증후군,,,,,,,,,,,,,,,,,,,
배뇨 시 통증,40,43,,급성 방광염,급성 신우신염,급성 질염,방광암,방광요관 역류,방광의 신경근육 기능 장애,방광질 누공,배뇨통,복압성 요실금,비임균성 요도염,산욕열,생식선 및 생식 세포의 신생물,수신증,요로 감염,질암,칸디다성 외음질염,혈뇨,,,,,,
비정상적 질 분비물,40,42,,골반 염증성 질환,급성 질염,난소난관염,노인성 질염 ,사면발이증,성병,외음질의 이물,융모양막염,임질,자궁 상피 내 암종,자궁경관무력증,자궁경부암,자궁경부염,조기 양막 파열,질암,칸디다성 외음질염,트리코모나스증,,,,,,
비정상적 질출혈,40,42,,계류 유산,과립막 세포종,난소 낭종,난소난관염,난소암,다낭성 난소 증후군,무월경,분만 후 출혈,비장암,비정상적 자궁/ 질 출혈,습관성 유산,유산,유산 후 계속되는 임신,자궁 경부의 이형성증,자궁 상피 내 암종,자궁 외 임신,자궁 육종,자궁경부암,자궁경부염,자궁내막 용종,자궁내막 이상증식증,자궁내막암,자궁의 평활근종
사정이 일찍 됨,40,45,,조루증,,,,,,,,,,,,,,,,,,,,,,
생리량 감소,40,42,,성선기능저하증,,,,,,,,,,,,,,,,,,,,,,
생리불순,40,42,,갑상선중독증,난소/ 난관 이상,뇌하수체 양성 및 악성 신생물,부신암,성선기능저하증,셀리악병,신체형 장애,여성 불임,자궁내막 이상증식증,,,,,,,,,,,,,,
생식기 궤양,40,42,45,무른 궤양,베체트 병,샅육아종,음경암,,,,,,,,,,,,,,,,,,,
생식기 부종,40,42,45,고환 종양,고환염,자궁경부염,정계정맥류,포경,회음 괴저,,,,,,,,,,,,,,,,,
생식기 출혈,40,42,45,과립막 세포종,난소 낭종,난소암,외음부암,자궁 상피 내 암종,자궁경부암,자궁내막암,자궁의 평활근종,재생불량빈혈,질암,첨형 콘딜로마,회음 열상,,,,,,,,,,,
생식기 통증,40,42,45,감돈포경,고환 종양,만성 전립선염,부고환염,산욕열,음경암,자궁경부염,정계정맥류,칸디다성 외음질염,회음 괴저,,,,,,,,,,,,,
성기능 장애,40,42,45,뇌하수체 기능부전,다발성 경화증,부신암,쿠싱 증후군,,,,,,,,,,,,,,,,,,,
성기크기 감소,40,45,,성선기능저하증,,,,,,,,,,,,,,,,,,,,,,
성생활이 힘듦,40,42,45,남성 불임,,,,,,,,,,,,,,,,,,,,,,
월경과다,40,42,,갑상선기능저하증,여성 불임,자궁내막 용종,자궁내막 이상증식증,자궁내막암,자궁선근증,자궁의 평활근종,폰빌레브란트병,,,,,,,,,,,,,,,
음경이 휘어짐,40,45,,음경만곡증,,,,,,,,,,,,,,,,,,,,,,
음낭 부종,40,45,,서혜부 탈장,음낭 내 부속기 염전,음낭수종,정계정맥류,,,,,,,,,,,,,,,,,,,
음낭에 없는 고환/부고환,40,45,,18번 염색체 장완결실 증후군 ,22번 염색체 장완 미세결실 증후군,누난 증후군 ,안드로겐 불감성 증후군 ,,,,,,,,,,,,,,,,,,,
음낭이 작아 보임,40,45,,잠복고환증,,,,,,,,,,,,,,,,,,,,,,
음낭이 잘 발달하지 않음,40,45,,성선기능저하증,잠복고환증,,,,,,,,,,,,,,,,,,,,,
음모가 적거나 없음,40,45,,무모증,,,,,,,,,,,,,,,,,,,,,,
음핵비대,40,42,,모호한 생식기,선천성 부신과다 형성증,,,,,,,,,,,,,,,,,,,,,
정상적인 성생활 불가능,40,45,,요도하열,,,,,,,,,,,,,,,,,,,,,,
지속 발기,40,45,,음경 발기지속증,,,,,,,,,,,,,,,,,,,,,,
지연뇨,40,43,,양성 전립선 비대증,,,,,,,,,,,,,,,,,,,,,,
질 밖으로 빠지는 느낌,40,42,,자궁 탈출증,,,,,,,,,,,,,,,,,,,,,,
질에서 소변이 나옴,40,42,,방광질 누공,융모막암종,,,,,,,,,,,,,,,,,,,,,
질은 없거나 짧은 맹관,40,42,,고환 여성화 증후군,,,,,,,,,,,,,,,,,,,,,,
질의 건조함,40,42,,노인성 질염 ,뇌하수체 기능부전,뇌하수체 양성 및 악성 신생물,성기능장애,쇼그렌 증후군,,,,,,,,,,,,,,,,,,
피가 정액에 나옴,40,45,,혈정액증,,,,,,,,,,,,,,,,,,,,,,
회음부 불쾌감,40,45,,혈정액증,,,,,,,,,,,,,,,,,,,,,,
회음부의 작은 돌기,40,42,45,첨형 콘딜로마,,,,,,,,,,,,,,,,,,,,,,
회음부의 파열,40,42,45,회음 열상,,,,,,,,,,,,,,,,,,,,,,
희발월경,40,42,,난관수종,뇌하수체 기능부전,다낭성 난소 증후군,성선기능저하증,자궁 발육부전,희발월경,,,,,,,,,,,,,,,,,
악취,40,42,,골반 염증성 질환,급성 질염,배꼽염,복압성 요실금,외이도염,자궁 상피 내 암종,자궁경부암,진주종,,,,,,,,,,,,,,,
4/5번째 손가락 굽음,20,23,,러셀 실버 증후군 ,,,,,,,,,,,,,,,,,,,,,,
다지증,20,23,,선천성 손 기형,파타우 증후군,,,,,,,,,,,,,,,,,,,,,
손가락 운동장애,20,23,,건 손상,듀피트렌 구축,방아쇠 수지,원위 요골과 척골 골절,척수소뇌성 운동실조증 ,,,,,,,,,,,,,,,,,,
손가락 힘이 약해짐,20,23,,손목 수근관 증후군,,,,,,,,,,,,,,,,,,,,,,
손가락의 변형,20,23,,XYY 증후군,루빈스타인 테이비 증후군 ,방아쇠 수지,선천성 손 기형,수부 외상,파이퍼 증후군 ,,,,,,,,,,,,,,,,,
손떨림,20,23,,갑상선중독증,공황 장애,금단 현상,뇌전증,다발성 경화증,떨림/ 진전,산후 갑상선염,섬망,신체형 장애,저혈당증,척수구근 근위축증 ,파킨슨병,,,,,,,,,,,
손마디가 뻣뻣해짐,20,23,,류마티스 관절염,소아 류마티스 관절염,,,,,,,,,,,,,,,,,,,,,
손목에 심한 붓기와 통증,20,23,,원위 요골과 척골 골절,,,,,,,,,,,,,,,,,,,,,,
손의 통증,20,23,,VDT 증후군,경추 추간판 탈출증,레이노병,무지중수지관절측부인대손상,방아쇠 수지,손목 수근관 증후군,,,,,,,,,,,,,,,,,
스푼형 손톱,20,23,,소적혈구빈혈,철결핍빈혈,,,,,,,,,,,,,,,,,,,,,
열수,20,23,,선천성 손 기형,,,,,,,,,,,,,,,,,,,,,,
주먹을 쥐기 힘듬,20,23,,전신 경화증,,,,,,,,,,,,,,,,,,,,,,
합지증,20,23,,선천성 손 기형,에이퍼트 증후군 ,,,,,,,,,,,,,,,,,,,,,
곤봉지,20,23,,기관지확장증,만성 폐쇄성 폐질환,미만성 간질성 폐질환,특발성 폐섬유화증,,,,,,,,,,,,,,,,,,,
레이노이드 현상,20,23,,전신 경화증,한랭글로불린혈증,,,,,,,,,,,,,,,,,,,,,
말단비대,20,23,,뇌하수체 기능 항진,말단비대증,카르시노이드 증후군,,,,,,,,,,,,,,,,,,,,
말초 신경장애,20,23,,결절성 다발동맥염,당뇨병성 말초신경병증,베르니케 코시코프 증후군,선모충증,죽상경화증,한랭글로불린혈증,,,,,,,,,,,,,,,,,
손/ 발 감각 저하,20,23,,근위축성 측색 경화증,다발성 신경병증,당뇨병성 말초신경병증,스핑고 지질증,,,,,,,,,,,,,,,,,,,
손/발톱이 갈라짐,20,23,,곰팡이 감염,조갑백선,조갑주위염,,,,,,,,,,,,,,,,,,,,
손/발톱이 두꺼워짐,20,23,,조갑주위염,,,,,,,,,,,,,,,,,,,,,,
손발가락이 6개 이상,20,23,,부가지,,,,,,,,,,,,,,,,,,,,,,
손발을 계속 움직임,20,23,,주의력결핍 과잉행동장애,,,,,,,,,,,,,,,,,,,,,,
시림,20,23,,다발성 신경병증,당뇨병성 족부 질환,수족냉증,,,,,,,,,,,,,,,,,,,,
괄약근 기능 이상,40,44,,신경초종,횡단성 척수염,,,,,,,,,,,,,,,,,,,,,
대변에 벌레 관찰됨,40,44,,요충증,,,,,,,,,,,,,,,,,,,,,,
배변습관의 변화,40,44,,게실 질환,대장암,대장염,방광소장 누공,자궁내막증,직장암,항문암,,,,,,,,,,,,,,,,
배변장애,40,44,,난소의 양성 종양,다발성 경화증,자궁 상피 내 암종,자궁경부암,척수병증,후종인대 골화증,,,,,,,,,,,,,,,,,
변비,40,44,,게실 질환,고칼슘혈증,궤양성 대장염,기능성 위장 장애,납 중독,로하드 증후군,맹장염,부갑상선기능항진증,부갑상선암,생식선 및 생식 세포의 신생물,선천성 갑상선기능저하증,선천성 거대결장증,섬유근육통,아밀로이드증,위장관 결핵,위장관 기질 종양,자가면역성 갑상선염,자궁 상피 내 암종,자궁경부암,자극성 장 증후군,장염전,장유착,장티푸스
변실금,40,44,,변실금,외상성 치매 ,항문암,회음 괴저,,,,,,,,,,,,,,,,,,,
설사,40,44,,가와사키병,간농양,간디스토마,갑상선기능항진증,고칼륨혈증,궤양성 대장염,급성 A형 간염,급성 B형 간염,급성 위장염,급성 충수염,기능성 위장 장애,냉방병,노로바이러스 장염,농가진,단장 증후군,대장 용종,대장균 감염 ,대장염,독성 쇼크 증후군,랑거한스세포 조직구증식증,레지오넬라증,로하드 증후군,리스테리아
악취가 나는 설사,40,44,,간내 담석,위장관 결핵,,,,,,,,,,,,,,,,,,,,,
엉덩이 통증,40,44,,강직성 척추염,,,,,,,,,,,,,,,,,,,,,,
점액변,40,44,,궤양성 대장염,대장 용종,대장암,대장염,대장의 양성 종양,자극성 장 증후군,장중첩증,직장의 양성 종양,,,,,,,,,,,,,,,
지방변,40,44,,단장 증후군,만성 췌장염,신생아 답즙정체증,췌장암,,,,,,,,,,,,,,,,,,,
치핵의 탈출,40,44,,치핵,탈항,,,,,,,,,,,,,,,,,,,,,
항문 통증,40,44,,변비,위장관 기질 종양,치핵,항문 누공,항문 열구,항문 주위 농양,,,,,,,,,,,,,,,,,
항문주위 염증,40,44,,면역결핍증,항문 누공,항문 열구,항문 주위 농양,항문소양증,,,,,,,,,,,,,,,,,,
항문출혈,40,44,,변비,직장 유암종,치핵,탈항,항문 열구,항문암,,,,,,,,,,,,,,,,,
혈변,40,44,,궤양성 대장염,대동맥 협착증,대장 용종,대장암,대장의 양성 종양,말기 신질환,메켈 게실,바렛 식도,소장의 혈관 장애,신생아 괴사성 장염,아메바성 이질,용혈성 요독 증후군,위 정맥류,위막성 대장염,위암,위장관 결핵,위장관 기질 종양,위장관 출혈,장염전,장중첩증,장출혈성 대장균 감염증,직장암,직장의 양성 종양
회색변,40,44,,간문부 담관암,급성 췌장염,담관암,바터 팽대부 암,선천성 담관 폐쇄증,신생아 답즙정체증,총담관 낭,췌장암,,,,,,,,,,,,,,,
흑색변,40,44,,대장암,바터 팽대부 암,선천성 담관 폐쇄증,식도염,십이지장 궤양,위궤양,위암,진행성 위암,혈관염,,,,,,,,,,,,,,
겨드랑이 멍울,30,35,,유방암,,,,,,,,,,,,,,,,,,,,,,
남성의 여성형 유방,30,35,,부신 종양,안드로겐 불감성 증후군 ,척수구근 근위축증 ,탈락 피부염,,,,,,,,,,,,,,,,,,,
유루증,30,35,,뇌하수체 양성 및 악성 신생물,눈물흘림증,,,,,,,,,,,,,,,,,,,,,
유방 크기의 감소,30,35,,성선기능저하증,,,,,,,,,,,,,,,,,,,,,,
유방 통증,30,35,,유관 확장증,유방 농양,유방 종양,유방암,유방통,유선염,,,,,,,,,,,,,,,,,
유방의 과다 성장,30,35,,부신 종양,,,,,,,,,,,,,,,,,,,,,,
유방의 멍울,30,35,,여성형 유방,유관 확장증,유방 농양,유방 상피내암,유방 종양,유방암,유방의 섬유선종,유방의 엽상 종양,유방의 유선관 내 유두종,,,,,,,,,,,,,,
유방의 퇴행,30,35,,계류 유산,,,,,,,,,,,,,,,,,,,,,,
함몰유두,30,35,,함몰 유두,,,,,,,,,,,,,,,,,,,,,,
갈증,10,13,,고나트륨혈증,요붕증,인슐린 비의존성 당뇨병,,,,,,,,,,,,,,,,,,,,
개 폐구 장애,10,13,,안면 골절,턱관절 장애,턱관절 탈구,,,,,,,,,,,,,,,,,,,,
구각염,10,13,,철결핍빈혈,,,,,,,,,,,,,,,,,,,,,,
구강건조,10,13,,당뇨병성 케톤산증 ,쇼그렌 증후군,신체형 장애,요붕증,,,,,,,,,,,,,,,,,,,
구강궤양,10,13,,구강암,베체트 병,순수적혈구무형성,재생불량빈혈,전신 홍반성 낭창,편평 태선,,,,,,,,,,,,,,,,,
구강호흡,10,13,,당뇨병성 케톤산증 ,비중격 만곡,아데노이드의 비대를 동반한 편도의 비대,,,,,,,,,,,,,,,,,,,,
구내염,10,13,,호중구감소증,,,,,,,,,,,,,,,,,,,,,,
구취,10,13,,만성 치주염,설소대 단축증,치은염,치조골염,칸디다성 구내염,편도결석,,,,,,,,,,,,,,,,,
딸기혀,10,13,,성홍열,,,,,,,,,,,,,,,,,,,,,,
미각이상,10,13,,설통,안면 마비,,,,,,,,,,,,,,,,,,,,,
발음 이상,10,13,,구개열,구순열,뇌졸중,모세혈관 확장성 운동실조 증후군 ,새열 낭종,설소대 단축증,안면 골절,안면 마비,중증 근무력증,진행성 핵상마비,척수소뇌성 운동실조증 ,척추 뇌저 동맥 증후군,치열 궁 관계 이상,턱뼈 성장 이상,,,,,,,,,
부정교합,10,13,,안면 골절,안면 비대칭,윌리암스 증후군 ,,,,,,,,,,,,,,,,,,,,
설염,10,13,,철결핍빈혈,,,,,,,,,,,,,,,,,,,,,,
신생아-백색의 결절,10,13,,발육성 치성 낭종,,,,,,,,,,,,,,,,,,,,,,
안면부 열상,10,15,,안면 골절,,,,,,,,,,,,,,,,,,,,,,
음식섭취 거부,50,51,,섭식 장애,,,,,,,,,,,,,,,,,,,,,,
이가 시림,10,13,,근단 주위 농양,치아 우식증[충치],,,,,,,,,,,,,,,,,,,,,
입 주변 부종,10,13,,구순염,매복 사랑니,발육성 치성 낭종,쇼그렌 증후군,음식 알레르기,턱의 기타 낭증,혈관부종,,,,,,,,,,,,,,,,
입술 갈라짐,10,13,,구순염,,,,,,,,,,,,,,,,,,,,,,
입술/ 입천장의 기형,10,13,,22번 염색체 장완 미세결실 증후군,구순열,두개 안면 부조화,스티클러 증후군,에이퍼트 증후군 ,칼만 증후군,파타우 증후군,,,,,,,,,,,,,,,,
잇몸 위축,10,13,,포르피린증,,,,,,,,,,,,,,,,,,,,,,
잇몸염증,10,13,,근단 주위 농양,만성 치주염,치은염,,,,,,,,,,,,,,,,,,,,
저작장애,10,13,,무치아증,안면 골절,치열 궁 관계 이상,턱뼈 성장 이상,,,,,,,,,,,,,,,,,,,
치근단 부위 부종,10,13,,근단 주위 농양,치근낭,,,,,,,,,,,,,,,,,,,,,
치아 벌어짐,10,13,,만성 치주염,,,,,,,,,,,,,,,,,,,,,,
치아 통증,10,13,,만성 치주염,매복 사랑니,치아 우식증[충치],치주 농양,,,,,,,,,,,,,,,,,,,
치아 흔들림,10,13,,구강암,만성 치주염,안면 골절,치근낭,,,,,,,,,,,,,,,,,,,
치아가 솟은 느낌,10,13,,만성 치주염,,,,,,,,,,,,,,,,,,,,,,
치아발달장애,10,13,,구개열,구순열,부갑상선기능저하증,,,,,,,,,,,,,,,,,,,,
치아의 탈락,10,13,,안면 골절,,,,,,,,,,,,,,,,,,,,,,
침 분비 증가,10,13,,소화관의 이물,식도의 이물,,,,,,,,,,,,,,,,,,,,,
코플릭 반점,10,15,,스티븐 존슨 증후군,홍역,,,,,,,,,,,,,,,,,,,,,
한쪽 입 꼬리의 상승,10,13,,안면 비대칭,,,,,,,,,,,,,,,,,,,,,,
혀끝이 w모양,10,13,,설소대 단축증,,,,,,,,,,,,,,,,,,,,,,
혀의 통증,10,13,,설인신경통,설통,,,,,,,,,,,,,,,,,,,,,
작열감,10,13,,구순포진,급성 방광염,급성 질염,노인성 질염 ,단순 포진,바렛 식도,복합 부위 통증 증후군,설통,식도염,안구 건조증,위궤양,트리코모나스증,하지 정맥류,호중구감소증,,,,,,,,,
뇌전증 발작,10,17,,Haw River 증후군,광견병,교모세포종,뇌 동정맥 기형,뇌동맥류,뇌성 마비,뇌전증,뇌종양,단순 포진성 뇌염,대사성 알칼리증,바이러스성 뇌수막염,부갑상선기능저하증,수막종,스터지 웨버 증후군,스파르가눔증,악성 신경교종,원발성 중추신경계 림프종,자간증,저나트륨혈증,테이-삭스병 ,피질하 경색과 백질뇌증을 동반하는 상염색체 우성 뇌동맥질환,핵황달,
감각 과민,10,17,,사이트린 결핍,아스퍼거 증후군,외상에 의한 뇌 손상,,,,,,,,,,,,,,,,,,,,
감각 이상,10,17,,경동맥 협착증,경추 추간판 탈출증,공황 장애,구강암,길랑-바레 증후군,내연골종,뇌동맥 폐쇄,뇌종양,다발성 경화증,당뇨병성 족부 질환,만성 신부전,모야모야병,병리적 골절,삼차 신경병증,섬망,손목 수근관 증후군,신경근병증,아밀로이드증,안면 골절,안와 골절,요추 추간판 탈출증,일과성 뇌허혈증,일본 뇌염
감기 증상,10,12,16,급성 A형 간염,급성 바이러스성 간염,박테리아성 뇌수막염,생식선 및 생식 세포의 신생물,심근염,지역사회성 폐렴,처그 스트라우스 증후군,탄저병,,,,,,,,,,,,,,,
격동적 움직임,20,26,,발작,,,,,,,,,,,,,,,,,,,,,,
경련,20,26,,결절성 경화증 ,급성 신부전,납 중독,뇌농양,뇌동맥 폐쇄,뇌염,뇌전증,니만-피크병,로하드 증후군,바이러스성 뇌수막염,박테리아성 뇌수막염,생식선 및 생식 세포의 신생물,쇼그렌 증후군,스핑고 지질증,신동맥 협착증,신생아 다혈구증,외상에 의한 뇌 손상,요붕증,일본 뇌염,저혈당증,지주막하 출혈,파종혈관내응고,페닐케톤뇨증
경직,20,26,,파킨슨병,호흡성 알칼리증,횡문근융해증,,,,,,,,,,,,,,,,,,,,
고탄산증,30,32,,기관지폐 형성이상,,,,,,,,,,,,,,,,,,,,,,
고혈압,30,31,,갈색세포종,금단 현상,급성 간질성 신염,뇌하수체 기능 항진,대동맥 협착증,만성 신부전,면역글로불린 A 신병증,본히펠린다우 증후군 ,부신 종양,부신암,비만,신경절 신경종,신동맥 협착증,용혈성 요독 증후군,윌름즈 종양,임신성 고혈압,자간증,자발성 두개강 내 출혈,전이성 신장암,쿠싱 증후군,터너 증후군 ,,
골다공증,20,25,,노화,뇌하수체 기능부전,다발골수종,부갑상선기능항진증,부갑상선암,쿠싱 증후군,크론병,터너 증후군 ,폐경기 및 여성의 갱년기 상태,,,,,,,,,,,,,,
골절,20,25,,골다공증,,,,,,,,,,,,,,,,,,,,,,
관절 구축,20,25,,ARC 증후군,근육병,,,,,,,,,,,,,,,,,,,,,
근골격계 이상,20,25,,척수근육위축,척추측만증,,,,,,,,,,,,,,,,,,,,,
근긴장의 이상,20,26,,18번 염색체 장완결실 증후군 ,ARC 증후군,골형성부전증,뇌성 마비,니만-피크병,러셀 실버 증후군 ,선천성 갑상선기능저하증,스미스-마제니스 증후군 ,엔젤만 증후군,척수구근 근위축증 ,척수근육위축,태변 흡인 증후군,테이-삭스병 ,프라더 윌리 증후군 ,,,,,,,,,
근력 약화,20,26,,각기병,거대적혈모구빈혈,고마그네슘혈증,근감소증,근위축성 측색 경화증,근육병,노쇠,뇌하수체 기능부전,니만-피크병,대사성 알칼리증,베커형 근이영양증,복합 부위 통증 증후군,부갑상선기능항진증,부신 종양,성선기능저하증,쇼그렌 증후군,신경근병증,신경절 신경종,운동신경 질환,중증 근무력증,척수공동증,척수병증,척추 종양
근위축,20,26,,건초염,근육병,베커형 근이영양증,부신암,,,,,,,,,,,,,,,,,,,
근육강직,20,26,,광견병,근육긴장이상증,대사성 알칼리증,댄디워커 증후군,병리적 골절,부갑상선기능저하증,비정형 파킨슨 증후군,악성 고열증,이차성 파킨슨증,저마그네슘혈증,저체온증,카르니틴 팔미토일 전환효소 결핍증 2형,파상풍,팔죽지 골절,핵황달,,,,,,,,
근육긴장,20,26,,근육긴장이상증,불안 장애,신생아 경련,,,,,,,,,,,,,,,,,,,,
근육마비,20,26,,보툴리눔독소증,척추 종양,,,,,,,,,,,,,,,,,,,,,
근육의 뒤틀림,20,26,,근육긴장이상증,,,,,,,,,,,,,,,,,,,,,,
근육통,20,26,,간염,갑상선기능저하증,결절성 다발동맥염,근근막 통증 증후군,급성 B형 간염,급성 C형 간염,급성 바이러스성 간염,급성 신우신염,노로바이러스 장염,뎅기열,라싸열,라임병,레지오넬라증,렙토스피라증,리스테리아,마버그열,메리오이드증,발진열,발진티푸스,베게너 육아종증,병원 감염성 폐렴,봉와직염,부갑상선기능항진증
금단증상,50,51,,알코올 의존성,,,,,,,,,,,,,,,,,,,,,,
다식,30,34,,당뇨병,인슐린 비의존성 당뇨병,인슐린 의존성 당뇨병,,,,,,,,,,,,,,,,,,,,
다음,30,34,,당뇨병,인슐린 비의존성 당뇨병,인슐린 의존성 당뇨병,,,,,,,,,,,,,,,,,,,,
당뇨,30,31,,뇌하수체 기능 항진,만성 췌장염,모세혈관 확장성 운동실조 증후군 ,부신 종양,부신암,췌장염,터너 증후군 ,,,,,,,,,,,,,,,,
대사성 산증,30,31,,대동맥궁 단절,악성 고열증,온전한 심실 중격을 가진 폐동맥 폐쇄,,,,,,,,,,,,,,,,,,,,
림프 부종,30,31,,구루병,낭포성 히그로마,단독,무른 궤양,약물 알레르기,원발부위 불명암,원충성 질환,음경암,카포시 육종,캐슬만병,터너 증후군 ,풍진,홍역,후천성 면역결핍증,,,,,,,,,
림프절 농양,30,31,,면역결핍증,피부 농양,,,,,,,,,,,,,,,,,,,,,
마비,20,21,22,경추 추간판 탈출증,구획 증후군,뇌출혈,모야모야병,수두증,압궤 손상,저칼륨혈증,척수공동증,척추 골수염,피질하 경색과 백질뇌증을 동반하는 상염색체 우성 뇌동맥질환,혈관성 치매,,,,,,,,,,,,
말초 통증,20,23,,강직성 척추염,골수증식종양,당뇨병성 말초신경병증,동맥색전증 및 혈전증,레이노병,죽상경화증,파브리병,폐색성 혈전 혈관염 ,한랭글로불린혈증,,,,,,,,,,,,,,
몸살,20,26,,헤노호 쉰라인 자반증,혈관염,,,,,,,,,,,,,,,,,,,,,
몽유병,50,52,,수면 무호흡증,수면 장애,,,,,,,,,,,,,,,,,,,,,
무산소 발작,30,31,,단심실,양대혈관 우심실 기시증,양방단실유입증,익수,팔로 사 징후,,,,,,,,,,,,,,,,,,
반복적인 동작,50,51,,강박 장애,,,,,,,,,,,,,,,,,,,,,,
반사 이상,60,61,,뇌사,뇌성 마비,핵황달,,,,,,,,,,,,,,,,,,,,
발한,30,33,,갈색세포종,갑상선중독증,결핵성 복막염,결핵성 임파선염,골형성부전증,공황 장애,구루병,급성 심근경색증,뇌하수체 기능 항진,로하드 증후군,만성골수백혈병,방선균증,부신 종양,분만 후 출혈,비호지킨 림프종,성선기능저하증,수두,수정대혈관 전위,식도 정맥류,신경모세포종,신경절 신경종,신체형 장애,위 정맥류
병적골절,20,25,,골괴사,내연골종,,,,,,,,,,,,,,,,,,,,,
빈혈,30,31,,Rh 부적합 임신,간문부 담관암,골수증식종양,골수형성이상증후군,과다월경,궤양성 대장염,급성골수성백혈병,급성림프모구백혈병,기관지확장증,납 중독,다발골수종,단장 증후군,만성 신부전,만성림프구백혈병,미세혈관병용혈빈혈,반티 증후군,발작성야간혈색뇨,백혈병,버킷 림프종,부신암,소장의 혈관 장애,순수적혈구무형성,식도 정맥류
뼈 전이,20,25,,전립선암,,,,,,,,,,,,,,,,,,,,,,
뼈의 통증,20,25,,골육종,다발골수종,백혈병,부갑상선암,원발부위 불명암,육종,,,,,,,,,,,,,,,,,
산혈증,30,38,,급성 신부전,프로피온산증,,,,,,,,,,,,,,,,,,,,,
상동적 행동,50,51,,레트 증후군 ,스미스-마제니스 증후군 ,자폐증 / 자폐 스펙트럼 장애,,,,,,,,,,,,,,,,,,,,
쇼크,30,31,,급성 신부전,대동맥 협착증,대동맥궁 단절,동맥류,발육부전성 좌심 증후군,복부 대동맥류,심낭염,저혈당증,,,,,,,,,,,,,,,
수면 마비,50,52,,기면증,수면 장애,,,,,,,,,,,,,,,,,,,,,
수면 후에도 피로함,50,52,,불면증,,,,,,,,,,,,,,,,,,,,,,
신경 마비,60,61,,보툴리눔독소증,,,,,,,,,,,,,,,,,,,,,,
신경과민,60,61,,갑상선기능항진증,갑상선중독증,병적 도벽,순수적혈구무형성,신생아 괴사성 장염,,,,,,,,,,,,,,,,,,
신부전,30,38,,대동맥 협착증,렙토스피라증,신동맥 협착증,신부전,아밀로이드증,용혈성 요독 증후군,,,,,,,,,,,,,,,,,
신장 감소,30,38,,골다공증,,,,,,,,,,,,,,,,,,,,,,
신장 발육부전,30,38,,신장 이형성증,,,,,,,,,,,,,,,,,,,,,,
신증후군,30,38,,알포트 증후군,,,,,,,,,,,,,,,,,,,,,,
실신,30,31,,대동맥 박리,대동맥 협착,대동맥류,발작,부르가다 증후군,부정맥,심방 세동,심실 빈맥,심실 세동,심장 판막 질환,전도 장애,폐 혈전색전증,호흡성 알칼리증,,,,,,,,,,
심부정맥혈전증,30,31,,항인지질 항체 증후군,,,,,,,,,,,,,,,,,,,,,,
심혈관계 증상,30,31,,다운 증후군 ,비만,윌리암스 증후군 ,파브리병,파타우 증후군,,,,,,,,,,,,,,,,,,
아나필락시스,30,31,,약물 알레르기,,,,,,,,,,,,,,,,,,,,,,
에너지가 적음,50,51,,기분부전증,,,,,,,,,,,,,,,,,,,,,,
연속동작의 느림,20,26,,이차성 파킨슨증,,,,,,,,,,,,,,,,,,,,,,
열,30,31,,RS바이러스 감염증,가와사키병,간내 담석,간농양,간문부 담관암,간염,감염성 단핵구증,감염성 홍반,거대세포 바이러스 질환,게실 질환,결절성 다발동맥염,결핵,결핵성 골수염,결핵성 복막염,결핵성 수막염,결핵성 임파선염,경부 림프절염,고환염,골반 염증성 질환,골수염,골수형성이상증후군,광견병,궤양성 대장염
열감,30,31,,가스 괴저,감염성 근육염,감염성 단핵구증,골수염,급성 C형 간염,단독,동정맥루 기능부전,루드비히 안자이나 ,류마티스 관절염,방선균증,봉와직염,슬개건염,아킬레스 건염,욕창 ,유방 농양,유잉육종,이소성 골화증,임파선염,파라핀종,패혈성 관절염,회음 괴저,,
오한,30,31,,간농양,감염성 단핵구증,게실 질환,공황 장애,급성 신우신염,노로바이러스 장염,뇌염,늑막염,단독,담석,라임병,레지오넬라증,렙토스피라증,마버그열,말라리아,메리오이드증,모낭염,반코마이신 내성 장알균 감염증,반코마이신 내성 황색포도알균 감염증,발진열,발진티푸스,병원 감염성 폐렴,봉와직염
온몸의 잔털,30,33,,쿠싱 증후군,,,,,,,,,,,,,,,,,,,,,,
온몸이 떨림,20,26,,공황 장애,뇌전증,떨림/ 진전,신체형 장애,저혈당증,털진드기병,호중구감소증,호흡성 산증,,,,,,,,,,,,,,,
요독증,40,43,,선천성 수신증,신증후성 출혈열,장출혈성 대장균 감염증,,,,,,,,,,,,,,,,,,,,
운동장애,20,26,,Haw River 증후군,뇌졸중,뇌종양,다발성 경화증,댄디워커 증후군,듀시엔형 근이영양증 ,레트 증후군 ,수막종,신경초종,악액질,연골연화증,진행성 핵상마비,척수 종양,척수소뇌성 운동실조증 ,척추병증,크로이츠펠트-야콥병,테이-삭스병 ,통풍성 관절염,,,,,
이완성 마비,20,26,,소아마비,,,,,,,,,,,,,,,,,,,,,,
자세 불안정,20,26,,간성 뇌증,비정형 파킨슨 증후군,파킨슨병,헌팅톤 병,,,,,,,,,,,,,,,,,,,
자율신경장애,60,61,,WPW 증후군,대동맥판막 기능부전 ,대동맥판막 협착 ,동기능 부전 증후군,서맥,설인신경통,심장신경성 실신,저혈압,척추병증,,,,,,,,,,,,,,
저산소증,30,31,,기관지폐 형성이상,양수색전증,태변 흡인 증후군,특발성 폐섬유화증,,,,,,,,,,,,,,,,,,,
저체온,30,31,,로하드 증후군,복강 내 출혈,신생아 괴사성 장염,익수,점액수종 혼수,,,,,,,,,,,,,,,,,,
저체중,30,31,,러셀 실버 증후군 ,반응성 애착장애,선천성 거대결장증,윌리암스 증후군 ,,,,,,,,,,,,,,,,,,,
저혈당,30,31,,뇌하수체 기능부전,덤핑 증후군,러셀 실버 증후군 ,베크위트-위드만 증후군,부신 기능부전,신생아 다혈구증,카르니틴 팔미토일 전환효소 결핍증 2형,,,,,,,,,,,,,,,,
저혈량 쇼크,30,31,,급성 신부전,대동맥 박리,파종혈관내응고,,,,,,,,,,,,,,,,,,,,
저혈압,30,31,,고마그네슘혈증,금단 현상,뇌하수체 기능부전,문맥색전증,반코마이신 내성 장알균 감염증,반코마이신 내성 황색포도알균 감염증,복강 내 출혈,복막염,부신 기능부전,비브리오 패혈증,비정상적 자궁/ 질 출혈,선천성 부신과다 형성증,설인신경통,소장의 혈관 장애,신경성 식욕부진증,신증후성 출혈열,심낭 압전,심낭염,심내막염,아나필락시스,양수색전증,열사병,외상에 의한 척추 손상
전신 부종,30,31,,간신 증후군,갑상선기능저하증,급성 신부전,말기 신질환,면역글로불린 A 신병증,미세변화 신증후군,복수,부신암,사구체신염,신부전,신증후군,온전한 심실 중격을 가진 폐동맥 폐쇄,요독증,용혈성 요독 증후군,자가면역성 간염,자간전증,자간증,점액수종 혼수,캐슬만병,호산구 증가증,,,
전신 통증,30,31,,만성 피로 증후군,섬유근육통,,,,,,,,,,,,,,,,,,,,,
점상 출혈,30,33,,두개골 골절,면역혈소판감소증,범혈구감소증,에볼라 출혈열,재생불량빈혈,처그 스트라우스 증후군,파종혈관내응고,폰빌레브란트병,프로피온산증,혈관염,혈소판 이상,흑사병,,,,,,,,,,,
종양부위 부종,10,13,,구강암,뼈의 신생물,안암,연부조직 전이,전이 암,타액선암,,,,,,,,,,,,,,,,,
떨림,20,26,,떨림/ 진전,비정형 파킨슨 증후군,윌슨병,이차성 파킨슨증,테이-삭스병 ,파킨슨병,,,,,,,,,,,,,,,,,
철결핍성 빈혈,30,31,,괴혈병,메켈 게실,,,,,,,,,,,,,,,,,,,,,
체중감소,30,33,,각기병,간 전이,간경화,간문부 담관암,간세포성 암종,갑상선중독증,결핵,결핵성 골수염,결핵성 복막염,결핵성 임파선염,경화성 담관염,계류 유산,궤양성 대장염,급성골수성백혈병,급성림프모구백혈병,기관지확장증,기쿠치병,노쇠,노카르디아증,단장 증후군,담관암,담낭암,당뇨병
체중증가,30,33,,갑상선기능저하증,로하드 증후군,복수,신경성 폭식증,자가면역 질환,자가면역성 갑상선염,,,,,,,,,,,,,,,,,
추위를 못견딤,30,31,,갑상선기능저하증,뇌하수체 기능부전,,,,,,,,,,,,,,,,,,,,,
축 늘어짐,30,33,,발육부전성 좌심 증후군,부비동염,수두증,신경모세포종,총동맥간증,,,,,,,,,,,,,,,,,,
출혈 경향성,30,31,,골수증식종양,골수형성이상증후군,괴혈병,급성골수성백혈병,급성림프모구백혈병,다발골수종,만성골수백혈병,만성림프구백혈병,말기 신질환,면역혈소판감소증,발작성야간혈색뇨,백혈병,신생아 답즙정체증,아밀로이드증,양수색전증,요독증,응고 장애,자가면역성 간염,재생불량빈혈,전격성 간염,파종혈관내응고,폰빌레브란트병,프로피온산증
탈력발작,50,52,,기면증,,,,,,,,,,,,,,,,,,,,,,
탈수,30,31,,고산병,고칼슘혈증,궤양성 대장염,급성 신부전,급성 위장염,바이러스성 장염,부갑상선암,선천성 거대결장증,선천성 부신과다 형성증,열 피로,영아 비대성 유문협착증,요붕증,장폐색,콜레라,프로피온산증,,,,,,,,
통증 없는 부종,30,31,,경부 림프절염,,,,,,,,,,,,,,,,,,,,,,
피로감,10,17,,VDT 증후군,간경화,간염,갑상선기능저하증,거대세포 바이러스 질환,거대적혈모구빈혈,결절성 다발동맥염,결핵성 임파선염,골수형성이상증후군,근감소증,급성 C형 간염,급성 바이러스성 간염,급성림프모구백혈병,기뇌증,기쿠치병,난원공 개존증,노쇠,뇌하수체 기능부전,다발골수종,다발성 경화증,당뇨병,당뇨병성 케톤산증 ,대동맥 협착
혈소판감소,30,31,,급성림프모구백혈병,반티 증후군,신생아 다혈구증,장출혈성 대장균 감염증,중증 열성 혈소판감소 증후군,항인지질 항체 증후군,,,,,,,,,,,,,,,,,
혈전증,30,31,,골수증식종양,베체트 병,,,,,,,,,,,,,,,,,,,,,
호르몬변화,10,17,,뇌사,,,,,,,,,,,,,,,,,,,,,,
환부 냉감,30,33,,수족냉증,,,,,,,,,,,,,,,,,,,,,,
환부 부종,30,33,,가스 괴저,감염성 근육염,건초염,골괴사,골수염,관절염,내연골종,내향성 손발톱,대퇴 골절,동전모양 습진,동정맥루 기능부전,바르톨린샘의 고름집,벌에 쏘였을 때,병리적 골절,복합 부위 통증 증후군,비브리오 패혈증,소아 류마티스 관절염,쇄골 골절,수부 외상,신경종,심부정맥 색전증,십자 인대 손상,아킬레스 건염
환부 통증,30,33,,가스 괴저,건 손상,건초염,결절종,골괴사,골육종,구획 증후군,내향성 손발톱,단독,대상포진,대상포진 후 신경통,만성 두드러기,모낭염,바르톨린샘의 고름집,방선균증,벌에 쏘였을 때,병리적 골절,복합 부위 통증 증후군,부비동염,브루셀라증,비인두 종양,비중격 만곡,수족구병
활력징후 이상,60,61,,아두골반 불균형,완전 척수 손상,외상에 의한 척추 손상,,,,,,,,,,,,,,,,,,,,
후궁반장,30,36,,파상풍,핵황달,,,,,,,,,,,,,,,,,,,,,
흥분,50,51,,기억상실증,라이 증후군,병적 방화,저나트륨혈증,저혈당증,,,,,,,,,,,,,,,,,,
권태감,50,51,,각기병,감염성 홍반,결핵성 복막염,골수염,괴혈병,급성 A형 간염,급성 B형 간염,급성 바이러스성 간염,납 중독,냉방병,노로바이러스 장염,뇌하수체 기능 항진,늑막염,대사성 산증,레지오넬라증,마버그열,만성 부비동염,만성 위염,만성 피로 증후군,메리오이드증,발진열,발진티푸스,부비동염
근육경련,20,26,,결핵성 골수염,근육긴장이상증,근육병,복합 부위 통증 증후군,부갑상선기능저하증,운동신경 질환,저마그네슘혈증,저칼슘혈증,크로이츠펠트-야콥병,,,,,,,,,,,,,,
어지러움,10,17,,갈색세포종,감각신경성 난청,거북목 증후군,경동맥 협착증,고산병,고혈압 ,공황 장애,과다월경,급성 관동맥 증후군,기뇌증,난청,노쇠,뇌경색,뇌졸중,뇌출혈,덤핑 증후군,동기능 부전 증후군,만성 중이염,메니에르병,미로염,발작성 상심실성 빈맥,복강 내 출혈,본히펠린다우 증후군 
관절 운동성 감소,20,25,,골관절염,골괴사,무릎관절증,반달연골 이상,베이커 낭종,변형성 고관절증,복합 부위 통증 증후군,소아 류마티스 관절염,연골연화증,염좌,원판형 반월상연골,육종,이소성 골화증,일과성 고관절 활액막염,재발성 견관절 전방 탈구,점액낭염,패혈성 관절염,,,,,,
뼈의 변형,20,25,,결핵성 골수염,골절 후 부정 유합/ 불유합,괴혈병,구루병,급성림프모구백혈병,내연골종,병리적 골절,원위 요골과 척골 골절,육종,척추측만증,팔죽지 골절,,,,,,,,,,,,
피부소양감,10,15,,간문부 담관암,간신 증후군,간염,경화성 담관염,곰팡이 감염,급성 B형 간염,급성 C형 간염,급성 바이러스성 간염,기저귀 피부염 ,담관암,동상,두드러기,두부 백선,만성 B형 간염,만성 단순 태선,만성 두드러기,만성 신부전,말기 신질환,무좀,바터 팽대부 암,벌에 쏘였을 때,비듬,비임균성 요도염
비출혈,10,12,,계류 유산,급성 류마티스성 열,급성골수성백혈병,급성림프모구백혈병,범혈구감소증,비부비동 종양,비인두 종양,비출혈,안와 골절,폰빌레브란트병,,,,,,,,,,,,,
코가 삐뚤어짐,10,12,,비 변형,,,,,,,,,,,,,,,,,,,,,,
코골이,10,12,,비용종,비중격 만곡,아데노이드의 비대를 동반한 편도의 비대,,,,,,,,,,,,,,,,,,,,
코막힘,10,12,,RS바이러스 감염증,군발성 두통 증후군,냉방병,만성 기침,만성 부비동염,만성 비염,부비동염,비부비동 종양,비용종,비인두 종양,비중격 만곡,상기도 감염,새집 증후군,알레르기 비염,,,,,,,,,
코의 기형 동반,10,12,,루빈스타인 테이비 증후군 ,양안격리증,,,,,,,,,,,,,,,,,,,,,
코의 모공이 커짐,10,12,,딸기코,,,,,,,,,,,,,,,,,,,,,,
콧물,10,12,,RS바이러스 감염증,군발성 두통 증후군,급성 C형 간염,냉방병,디프테리아,레지오넬라증,만성 비염,바이러스성 장염,백일해,부비동염,비용종,상기도 감염,알레르기 비염,음식 알레르기,파라인플루엔자 감염증,홍역,후비루,,,,,,
후각장애,10,12,,만성 비염,부비동염,비부비동 종양,알레르기 비염,칼만 증후군,후각장애/ 미각장애,,,,,,,,,,,,,,,,,
재채기,10,12,,꽃가루 알레르기,냉방병,만성 비염,상기도 감염,알레르기 비염,,,,,,,,,,,,,,,,,,
동정맥루 잡음 약화,20,21,,동정맥루 기능부전,,,,,,,,,,,,,,,,,,,,,,
상지 마비,30,33,,후종인대 골화증,,,,,,,,,,,,,,,,,,,,,,
어깨 움직임의 제한,20,24,,VDT 증후군,관절와순 파열,동결견,석회성 건염,회전근개 증후군,,,,,,,,,,,,,,,,,,
어깨 잡음,20,24,,관절와순 파열,회전근개 증후군,,,,,,,,,,,,,,,,,,,,,
어깨근육 약화,20,24,,회전근개 증후군,,,,,,,,,,,,,,,,,,,,,,
어깨의 통증,20,24,,VDT 증후군,강직성 척추염,거북목 증후군,경추 추간판 탈출증,관절와순 파열,대동맥 박리,동결견,석회성 건염,섬유근육통,유방통,재발성 견관절 전방 탈구,회전근개 증후군,흉부 대동맥류,희발월경,,,,,,,,,
팔의 길이가 달라짐,20,21,,재발성 견관절 전방 탈구,,,,,,,,,,,,,,,,,,,,,,
팔의 통증,20,21,,내상과염,석회성 건염,쇄골 골절,유방통,주관절 외상과염,흉곽출구 증후군,,,,,,,,,,,,,,,,,
가늘어지는 팔다리,20,21,22,니만-피크병,쿠싱 증후군,,,,,,,,,,,,,,,,,,,,,
관절의 경직,20,25,,강직성 척추염,골관절염,내상과염,류마티스 관절염,반월판 연골손상,베이커 낭종,소아 류마티스 관절염,퇴행성 척추 장애,,,,,,,,,,,,,,,
다발성 관절염,20,25,,급성 류마티스성 열,류마티스 관절염,,,,,,,,,,,,,,,,,,,,,
말초부종,20,21,22,고산병,심근병증,폐부종,,,,,,,,,,,,,,,,,,,,
말초의 허혈,20,21,22,골수증식종양,동맥색전증 및 혈전증,심부정맥 색전증,죽상경화증,폐색성 혈전 혈관염 ,,,,,,,,,,,,,,,,,,
무감각,20,21,22,각기병,당뇨병성 말초신경병증,동상,아밀로이드증,잠수병,지간 신경종,처그 스트라우스 증후군,,,,,,,,,,,,,,,,
무맥,20,21,22,구획 증후군,,,,,,,,,,,,,,,,,,,,,,
방사통,20,21,22,근근막 통증 증후군,급성 관동맥 증후군,만성 담낭염,만성 췌장염,신경근병증,악성 중피종,오래된 심근경색증,요추관 협착증,위식도 역류성 질환,유방통,턱관절 장애,허혈성 심질환,협심증,,,,,,,,,,
사지 마비,20,21,22,다발성 경화증,쇼그렌 증후군,완전 척수 손상,잠금 증후군,횡단성 척수염,,,,,,,,,,,,,,,,,,
사지 부종,20,21,22,림프부종,상대정맥 증후군,육종,혈관부종,,,,,,,,,,,,,,,,,,,
사지의 창백한 현상,20,21,22,레이노병,,,,,,,,,,,,,,,,,,,,,,
손상 부위 출혈,20,21,22,경골과 비골 골절,수부 외상,압궤 손상,팔죽지 골절,,,,,,,,,,,,,,,,,,,
손상부위 촉각 소실,20,21,22,수부 외상,팔죽지 골절,,,,,,,,,,,,,,,,,,,,,
저림,20,21,22,VDT 증후군,거대적혈모구빈혈,경추 추간판 탈출증,다발성 신경병증,당뇨병,당뇨병성 말초신경병증,당뇨병성 족부 질환,대동맥 협착증,대사성 알칼리증,동맥색전증 및 혈전증,레리시 증후군,레이노병,부갑상선기능저하증,섬유근육통,손목 수근관 증후군,신경종,신체형 장애,아나필락시스,요추 전방전위증,요추 추간판 탈출증,요추관 협착증,요통,원위 요골과 척골 골절
파열부위 오목해짐,20,21,22,아킬레스 건 파열,,,,,,,,,,,,,,,,,,,,,,
편마비,20,21,22,자발성 두개강 내 출혈,,,,,,,,,,,,,,,,,,,,,,
편측 사지의 감각소실,20,21,22,뇌동맥 폐쇄,,,,,,,,,,,,,,,,,,,,,,
관절통,20,26,,간염,강직성 척추염,결절성 다발동맥염,결핵성 골수염,골관절염,골다공증,급성 간질성 신염,급성 바이러스성 간염,기쿠치병,뎅기열,독성 간염,라임병,류마티스 관절염,만성 B형 간염,반월판 연골손상,비만,산후 갑상선염,성인형 스틸병,소아 류마티스 관절염,아밀로이드증,약물 알레르기,연골연화증,염좌
각질이 딱딱해짐,30,33,,티눈 및 굳은살,,,,,,,,,,,,,,,,,,,,,,
갈색 피부 반점,30,33,,색소 세포성 모반,신경섬유종,어루러기,쥐젖,카포시 육종,피부섬유육종,피부암,피부의 양성 종양,,,,,,,,,,,,,,,
거칠어진 피부,30,33,,불면증,,,,,,,,,,,,,,,,,,,,,,
검붉은 색 피부,30,33,,파브리병,흉터,,,,,,,,,,,,,,,,,,,,,
검은 점,30,33,,사마귀,색소 세포성 모반,,,,,,,,,,,,,,,,,,,,,
결절,30,33,,갑상선암,결절성 경화증 ,급성 류마티스성 열,기저세포 암종,사마귀,여드름,음경암,인유두종 바이러스 감염증,편평 태선,피부섬유육종,피부암,한선염,한센병,,,,,,,,,,
고름,30,33,,건선,결핵성 임파선염,귀두포피염,급성 중이염,농가진,눈물흘림증,만성 치주염,모낭염,안검염,여드름,임파선염,조갑주위염,치조골염,치주 농양,피부 농양,한선염,항문 누공,항문 주위 농양,항문암,,,,
괴사,30,33,,당뇨병성 족부 질환,동맥색전증 및 혈전증,봉와직염,비브리오 패혈증,욕창 ,파라핀종,,,,,,,,,,,,,,,,,
궤양,30,33,,거대세포 바이러스 질환,레이노병,안검염,유방 파제트병 ,,,,,,,,,,,,,,,,,,,
낭종,30,33,,여드름,피부의 양성 종양,,,,,,,,,,,,,,,,,,,,,
노란 이물질,30,33,,편도결석,표피낭종,,,,,,,,,,,,,,,,,,,,,
눈/뺨 주위 작은 낭종,10,15,,비립종,한관종,,,,,,,,,,,,,,,,,,,,,
다모증,30,33,,다낭성 난소 증후군,코넬리아드랑게 증후군 ,,,,,,,,,,,,,,,,,,,,,
닭살,30,33,,모공성 각화증,,,,,,,,,,,,,,,,,,,,,,
두드러기,30,33,,두드러기,식중독,약물 알레르기,음식 알레르기,태열,한랭 두드러기,,,,,,,,,,,,,,,,,
딱지,30,33,,간찰성 홍반,농가진,대상포진,지루성 피부염,천포창,태열,털진드기병,피부암,,,,,,,,,,,,,,,
멍,30,33,,계류 유산,골수증식종양,골형성부전증,급성골수성백혈병,급성림프모구백혈병,말기 신질환,발작성야간혈색뇨,엘러스-단로스 증후군 ,용혈성 요독 증후군,재생불량빈혈,헤노호 쉰라인 자반증,,,,,,,,,,,,
면포,30,33,,모낭염,여드름,한선염,,,,,,,,,,,,,,,,,,,,
물집,30,33,,간찰성 홍반,구순포진,기저귀 피부염 ,농가진,단순 포진,동상,동전모양 습진,땀띠,무좀,봉와직염,비브리오 패혈증,샅육아종,수두,수부 습진,수족구병,스티븐 존슨 증후군,습진,아토피성 피부염,옻 중독,욕창 ,접촉 피부염,천포창,탄저병
물집성 표피 박리,30,33,,스티븐 존슨 증후군,,,,,,,,,,,,,,,,,,,,,,
미란,30,33,,천포창,,,,,,,,,,,,,,,,,,,,,,
미세반점의 군집,30,33,,주근깨,,,,,,,,,,,,,,,,,,,,,,
반상출혈,30,33,,범혈구감소증,비브리오 패혈증,혈관염,혈소판 이상,,,,,,,,,,,,,,,,,,,
반점,30,33,,기미,기저세포 암종,뎅기열,돌발성 발진,모반,바르톨린샘의 고름집,봉와직염,성인형 스틸병,스터지 웨버 증후군,스티븐 존슨 증후군,심내막염,오타 모반,유방 파제트병 ,장티푸스,혈관염,화염상 모반,흑사병,,,,,,
발가락 사이 갈라짐,20,23,,곰팡이 감염,무좀,,,,,,,,,,,,,,,,,,,,,
발바닥 피부 두꺼워짐,20,23,,무좀,무지외반증,요족,,,,,,,,,,,,,,,,,,,,
발적,30,33,,간찰성 홍반,고막염,골절 후 부정 유합/ 불유합,관절염,내향성 손발톱,동정맥루 기능부전,림프관종,만성 단순 태선,만성 두드러기,맥립종,모낭염,배꼽염,습진,어루러기,욕창 ,유방 농양,임파선염,접촉 피부염,조갑주위염,지루성 피부염,치주 농양,탈락 피부염,트리코모나스증
발진,30,33,,가와사키병,간찰성 홍반,감염성 근육염,감염성 단핵구증,건선,급성 간질성 신염,급성 류마티스성 열,기저귀 피부염 ,기쿠치병,단독,대상포진,뎅기열,독성 간염,독성 쇼크 증후군,돌발성 발진,두드러기,땀띠,라임병,랑거한스세포 조직구증식증,만성 두드러기,벌에 쏘였을 때,베체트 병,샅육아종
분홍색의 반흔,30,33,,켈로이드,,,,,,,,,,,,,,,,,,,,,,
불규칙한 반흔,30,33,,켈로이드,,,,,,,,,,,,,,,,,,,,,,
붉고 얇은 피부,30,33,,쿠싱 증후군,,,,,,,,,,,,,,,,,,,,,,
붉은 색소 침착,30,33,,만성 단순 태선,,,,,,,,,,,,,,,,,,,,,,
뿔 모양의 병변,30,33,,광선 각화증,,,,,,,,,,,,,,,,,,,,,,
사마귀 위 털이 많음,30,33,,사마귀,,,,,,,,,,,,,,,,,,,,,,
상처가 넓어짐,30,33,,흉터,,,,,,,,,,,,,,,,,,,,,,
상처보다 넓게 자람,30,33,,켈로이드,흉터,,,,,,,,,,,,,,,,,,,,,
색소 침착,30,33,,ARC 증후군,넬슨 증후군,부신 기능부전,사타구니 백선,상피내 신생물,수부 습진,피부암,,,,,,,,,,,,,,,,
소양감,30,33,,간찰성 홍반,골수증식종양,구순염,구순포진,급성 질염,노인성 질염 ,다낭성 난소 증후군,단순 포진,당뇨병,동전모양 습진,사면발이증,사타구니 백선,성병,수부 습진,안검염,안구 건조증,알레르기 비염,알레르기성 결막염,어루러기,외음부암,요로 감염,요충증,유방 파제트병 
손/발/겨드랑이 발한,20,23,,국소 다한증,부갑상선기능항진증,,,,,,,,,,,,,,,,,,,,,
습진,30,33,,아토피성 피부염,옴,유방 파제트병 ,페닐케톤뇨증,,,,,,,,,,,,,,,,,,,
여드름,10,15,,난소/ 난관 이상,다낭성 난소 증후군,모낭염,부신암,쿠싱 증후군,희발월경,,,,,,,,,,,,,,,,,
울퉁불퉁한 상처,10,15,,켈로이드,흉터,,,,,,,,,,,,,,,,,,,,,
인설,10,15,,건선,어루러기,지루성 피부염,천포창,탈락 피부염,,,,,,,,,,,,,,,,,,
자반증,10,15,,결절성 다발동맥염,미세혈관병용혈빈혈,용혈성 요독 증후군,한랭글로불린혈증,헤노호 쉰라인 자반증,,,,,,,,,,,,,,,,,,
장액성 분비물,30,35,,농가진,옻 중독,이루증,한선염,,,,,,,,,,,,,,,,,,,
적색의 각질화된 피부,30,33,,광선 각화증,사타구니 백선,편평 태선,,,,,,,,,,,,,,,,,,,,
점 안에 다른 색 피부,30,33,,악성 흑색종,피부암,,,,,,,,,,,,,,,,,,,,,
점막변화,30,33,,가와사키병,,,,,,,,,,,,,,,,,,,,,,
차갑고 축축한 피부,30,33,,열 피로,,,,,,,,,,,,,,,,,,,,,,
창백,10,15,,갑상선기능저하증,거대적혈모구빈혈,과숙아/ 만기 후 출산아,구루병,구획 증후군,급성 심근경색증,급성골수성백혈병,다발골수종,동상,메켈 게실,발육부전성 좌심 증후군,발작성야간혈색뇨,범혈구감소증,복강 내 출혈,사이트린 결핍,소적혈구빈혈,순수적혈구무형성,용혈빈혈,위장관 출혈,자가면역용혈질환,자궁 외 임신,재생불량빈혈,저혈당증
청색증,30,33,,RS바이러스 감염증,금단 현상,단심실,대혈관 전위,동맥간증,동상,레이노병,발육부전성 좌심 증후군,상대정맥 증후군,선천성 심장 질환,성인 호흡곤란 증후군,수정대혈관 전위,신생아 다혈구증,신생아 호흡곤란증후군,심방 중격 결손,심부정맥 색전증,양대혈관 우심실 기시증,양방단실유입증,엡스테인 심기형,온전한 심실 중격을 가진 폐동맥 폐쇄,울혈성 심부전,이물질에 의한 기도 막힘,전폐정맥연결 이상
체모감소,30,33,,두부 백선,모낭염,부갑상선기능저하증,부신 기능부전,성선기능저하증,스티븐 존슨 증후군,자가면역 질환,접촉 피부염,조로증,,,,,,,,,,,,,,
촘촘하게 난 털,30,33,,다모증,,,,,,,,,,,,,,,,,,,,,,
태선화,30,33,,아토피성 피부염,,,,,,,,,,,,,,,,,,,,,,
털이 동반되기도 함,30,33,,모반,,,,,,,,,,,,,,,,,,,,,,
피부 각질,30,33,,곰팡이 감염,두부 백선,무좀,비듬,어루러기,어린선,접촉 피부염,지루성 피부염,티눈 및 굳은살,피부건조증,,,,,,,,,,,,,
피부 건조,30,33,,갑상선기능저하증,갑상선기능항진증,당뇨병성 족부 질환,새집 증후군,쇼그렌 증후군,아토피성 피부염,어린선,열사병,요붕증,접촉 피부염,태열,피부염,,,,,,,,,,,
피부 긴장도 저하,30,33,,간경화,고나트륨혈증,고혈압 ,골수염,근위축성 측색 경화증,급성 바이러스성 간염,급성골수성백혈병,기분부전증,림프부종,만성 신부전,만성골수백혈병,만성림프구백혈병,메켈 게실,백혈병,부갑상선기능항진증,산후 갑상선염,셀리악병,수면 무호흡증,신부전,심근병증,심방 중격 결손,월경전 증후군,임신성 당뇨병
피부 및 점막의 염증,30,33,,스티븐 존슨 증후군,,,,,,,,,,,,,,,,,,,,,,
피부가 두꺼워짐,30,33,,수부 습진,어린선,,,,,,,,,,,,,,,,,,,,,
피부경화,30,33,,전신 경화증,하지 정맥류,,,,,,,,,,,,,,,,,,,,,
피부궤양,30,33,,결핵성 임파선염,기저세포 암종,당뇨병성 족부 질환,상피내 신생물,심부정맥 색전증,욕창 ,용혈빈혈,임파선염,파라핀종,피부근육염,피부암,하지 정맥류,한랭글로불린혈증,효모균증,,,,,,,,,
피부균열,30,33,,림프부종,수부 습진,욕창 ,피부건조증,,,,,,,,,,,,,,,,,,,
피부색 변화,30,33,,구순포진,당뇨병성 족부 질환,욕창 ,피부근육염,한랭글로불린혈증,,,,,,,,,,,,,,,,,,
피부염증,30,33,,감염성 근육염,국소 다한증,딸기코,면역결핍증,베체트 병,슈도모나스 감염,스파르가눔증,한센병,헤르페스 바이러스 감염,,,,,,,,,,,,,,
피부홍조,30,33,,소장암,열사병,호흡성 산증,,,,,,,,,,,,,,,,,,,,
황달,30,33,,ARC 증후군,Rh 부적합 임신,간 전이,간경화,간내 담석,간농양,간디스토마,간문부 담관암,간세포성 암종,간신 증후군,간염,거대적혈모구빈혈,경화성 담관염,급성 A형 간염,급성 B형 간염,급성 C형 간염,급성 바이러스성 간염,급성 췌장염,담관암,담낭암,담석,독성 간염,랑거한스세포 조직구증식증
하얀 반점,30,33,,결절성 경화증 ,백반증,어루러기,칸디다성 구내염,,,,,,,,,,,,,,,,,,,
가래,10,16,,RS바이러스 감염증,객혈,결핵,규폐증,급성 기관지염,기관지확장증,늑막염,대동맥판막 기능부전 ,대동맥판막 협착 ,만성 기관지염,만성 폐쇄성 폐질환,만성 폐질환,미만성 간질성 폐질환,병원 감염성 폐렴,속립성 결핵,승모판 기능부전 ,승모판 협착 ,신증후군,지역사회성 폐렴,천식,코로나-19,파라인플루엔자 감염증,폐결핵
가슴 답답,30,35,,공황 장애,농흉,늑막염,만성 위염,신체형 장애,심방 세동,오래된 심근경색증,음식 알레르기,종격동염,천식,폐기종,,,,,,,,,,,,
가슴 두근거림,30,35,,갈색세포종,고혈압 ,공황 장애,과호흡 증후군,길랑-바레 증후군,동기능 부전 증후군,발살바동 동맥류 파열,발작성 상심실성 빈맥,범혈구감소증,부르가다 증후군,부신 종양,부정맥,분리 불안 장애,불안 장애,비정상적 자궁/ 질 출혈,수정대혈관 전위,신체형 장애,심계항진,심근병증,심방 세동,심방 조동,심실 빈맥,심실 세동
가슴 통증,30,35,,공기가슴증,공황 장애,급성 관동맥 증후군,급성 심근경색증,농흉,늑막염,대동맥 협착,대동맥류,대동맥판막 기능부전 ,대동맥판막 협착 ,동기능 부전 증후군,라싸열,바렛 식도,발살바동 동맥류 파열,병원 감염성 폐렴,불안정형 협심증,비소세포성 폐암,상대정맥 증후군,소적혈구빈혈,승모판 협착 ,식도이완불능증,심계항진,심근염
객혈,10,13,,객혈,결핵,기관지확장증,낭종성 폐질환,노카르디아증,만성 기관지염,만성 폐질환,메리오이드증,비소세포성 폐암,소세포성 폐암,속립성 결핵,아스페르길루스증,톡소플라즈마증,폐 전이,폐 혈전색전증,폐결핵,폐렴간균에 의한 폐렴 ,폐부종,폐암,후두암,흑사병,,
거품이 섞인 가래,10,13,,객혈,,,,,,,,,,,,,,,,,,,,,,
검은색 가래,10,13,,진폐증,,,,,,,,,,,,,,,,,,,,,,
겨드랑이 악취,20,21,,국소 다한증,취한증,,,,,,,,,,,,,,,,,,,,,
과호흡,30,32,,저체온증,,,,,,,,,,,,,,,,,,,,,,
기침,10,16,,RS바이러스 감염증,가습기 살균제 연관 폐질환,가와사키병,결핵,규폐증,급성 기관지염,기관지확장증,꽃가루 알레르기,낭종성 폐질환,노카르디아증,농흉,늑막염,대동맥판막 기능부전 ,대동맥판막 협착 ,디프테리아,레지오넬라증,마버그열,만성 기관지염,만성 기침,만성 비염,만성 폐쇄성 폐질환,만성 폐질환,메리오이드증
늑막삼출,30,32,,아메바성 간농양,,,,,,,,,,,,,,,,,,,,,,
무호흡,30,32,,뇌사,신생아 가사,신생아 경련,신생아 괴사성 장염,신생아 다혈구증,저칼슘혈증,,,,,,,,,,,,,,,,,
반복되는 폐렴,30,32,,기관 협착,심실 중격 결손,재생불량빈혈,,,,,,,,,,,,,,,,,,,,
부정맥,30,31,,갑상선기능항진증,고마그네슘혈증,고칼륨혈증,과호흡 증후군,대사성 산증,대사성 알칼리증,샤가스병,설인신경통,심근염,심낭 압전,심장 종양,아밀로이드증,악성 고열증,오래된 심근경색증,익수,저칼륨혈증,전폐정맥연결 이상,호흡성 알칼리증,,,,,
불규칙호흡,30,32,,신생아 경련,,,,,,,,,,,,,,,,,,,,,,
빈맥,30,31,,WPW 증후군,갑상선기능항진증,결핵성 복막염,급성 류마티스성 열,농흉,대사성 산증,대혈관 전위,덤핑 증후군,디프테리아,방실 중격 결손,복강 내 출혈,복막염,분만 후 출혈,비정상적 자궁/ 질 출혈,수정대혈관 전위,식도 정맥류,신경모세포종,신생아 다혈구증,심낭 삼출 ,심방 세동,심방 조동,심실 빈맥,심실 세동
빈호흡,30,32,,RS바이러스 감염증,결핵성 복막염,고나트륨혈증,농흉,불안 장애,악성 고열증,자궁 외 임신,전폐정맥연결 이상,태변 흡인 증후군,패혈증,호흡성 알칼리증,흉막 삼출,,,,,,,,,,,
사래걸림,10,16,,기관 협착,,,,,,,,,,,,,,,,,,,,,,
새가슴,30,35,,구루병,슬라이 증후군,,,,,,,,,,,,,,,,,,,,,
서맥,30,31,,금단 현상,로하드 증후군,신생아 괴사성 장염,심장신경성 실신,외상에 의한 척추 손상,점액수종 혼수,태변 흡인 증후군,황열,,,,,,,,,,,,,,,
서호흡,30,32,,외상에 의한 척수 손상,,,,,,,,,,,,,,,,,,,,,,
수면 무호흡,50,52,,로하드 증후군,비만,수면 무호흡증,수면 장애,아데노이드의 비대를 동반한 편도의 비대,,,,,,,,,,,,,,,,,,
숨막히는 느낌,10,16,,공황 장애,음식 알레르기,,,,,,,,,,,,,,,,,,,,,
심근손상,30,31,,폼페병,,,,,,,,,,,,,,,,,,,,,,
심방 부정맥,30,31,,방실 중격 결손,심방 중격 결손,온전한 심실 중격을 가진 폐동맥 폐쇄,,,,,,,,,,,,,,,,,,,,
심부전,30,31,,Rh 부적합 임신,가습기 살균제 연관 폐질환,단심실,대동맥 협착,대동맥궁 단절,발육부전성 좌심 증후군,방실 중격 결손,신생아 다혈구증,심실 중격 결손,심장 종양,쌍태아 수혈 증후군,아밀로이드증,양대혈관 우심실 기시증,양방단실유입증,엡스테인 심기형,울혈성 심부전,철결핍빈혈,패혈증,,,,,
심실 부정맥,30,31,,부르가다 증후군,저마그네슘혈증,,,,,,,,,,,,,,,,,,,,,
심실세동,30,31,,부르가다 증후군,,,,,,,,,,,,,,,,,,,,,,
심음 감소,30,31,,심낭 압전,,,,,,,,,,,,,,,,,,,,,,
심인성 쇼크,30,31,,대동맥궁 단절,발살바동 동맥류 파열,융모막암종,,,,,,,,,,,,,,,,,,,,
심잡음,30,31,,동맥관 개존증,심방 중격 결손,심실 중격 결손,엡스테인 심기형,총동맥간증,팔로 사 징후,,,,,,,,,,,,,,,,,
심정지,30,31,,고마그네슘혈증,고칼륨혈증,양수색전증,저칼슘혈증,지주막하 출혈,,,,,,,,,,,,,,,,,,
운동 시 호흡곤란,30,32,,거대적혈모구빈혈,규폐증,난원공 개존증,대동맥 협착,대동맥 협착증,만성 기관지염,만성 폐쇄성 폐질환,미만성 간질성 폐질환,선천성 심장 질환,순수적혈구무형성,승모판 협착 ,신동맥 협착증,심근병증,심방 중격 결손,양대혈관 우심실 기시증,용혈빈혈,위 정맥류,재생불량빈혈,전폐정맥연결 이상,지중해빈혈,진폐증,특발성 폐섬유화증,팔로 사 징후
울혈성 심부전,30,31,,심근염,울혈성 심부전,,,,,,,,,,,,,,,,,,,,,
잦은 딸꾹질,30,32,,식도이완불능증,,,,,,,,,,,,,,,,,,,,,,
저심박출량,30,31,,대동맥궁 단절,탈락 피부염,,,,,,,,,,,,,,,,,,,,,
질식,30,32,,양수과소증,이물질에 의한 기도 막힘,,,,,,,,,,,,,,,,,,,,,
천명음,30,32,,급성 기관지염,기관지확장증,만성 폐쇄성 폐질환,성인 호흡곤란 증후군,소세포성 폐암,소화관의 이물,아스페르길루스증,양성 종격동 종양,재발성 천명,처그 스트라우스 증후군,천식,후두암,,,,,,,,,,,
천식,30,32,,기관지폐 형성이상,새집 증후군,소장암,처그 스트라우스 증후군,카르시노이드 증후군,,,,,,,,,,,,,,,,,,
